score,tier,name,category,region,pitch_angle,instagram,facebook,phone,website,rating,reviews,address,maps_url,place_id
75,A,The Brass,cafe,Brisbane,no real website (uses www.facebook.com),,https://www.facebook.com/profile.php?id=100093799565639,+61 7 3113 3636,https://www.facebook.com/profile.php?id=100093799565639,0.0,0,116 Manson Road,https://www.google.com/maps/search/?api=1&query=The+Brass+116+Manson+Road,osm:node/389631264
75,A,Bardon Thyme,cafe,Brisbane,no real website (uses www.instagram.com),https://www.instagram.com/bardonthyme/?hl=en,,+61 433 022 991,https://www.instagram.com/bardonthyme/?hl=en,0.0,0,5 Morgan Terrace Bardon,https://www.google.com/maps/search/?api=1&query=Bardon+Thyme+5+Morgan+Terrace+Bardon,osm:node/2774179973
75,A,Graceville Moments Cafe,cafe,Brisbane,no real website (uses www.facebook.com),,https://www.facebook.com/gracevillemoments/,+61 402 680 192,https://www.facebook.com/gracevillemoments/,0.0,0,8 Bank Road Graceville,https://www.google.com/maps/search/?api=1&query=Graceville+Moments+Cafe+8+Bank+Road+Graceville,osm:node/4034170489
75,A,Remedy Espresso Cafe,cafe,Brisbane,no real website (uses www.facebook.com),,https://www.facebook.com/remedyec/,+61 7 3818 6687,https://www.facebook.com/remedyec/,0.0,0,1 Springfield Lakes Boulevard Springfield Lakes,https://www.google.com/maps/search/?api=1&query=Remedy+Espresso+Cafe+1+Springfield+Lakes+Boulevard+Springfield+Lakes,osm:node/4959695248
75,A,Story Behind The Coffee,cafe,Brisbane,no real website (uses www.facebook.com),,https://www.facebook.com/storybehindthecoffee/,+61 475 209 660,https://www.facebook.com/storybehindthecoffee/,0.0,0,89 Broadwater Road Mount Gravatt East,https://www.google.com/maps/search/?api=1&query=Story+Behind+The+Coffee+89+Broadwater+Road+Mount+Gravatt+East,osm:node/6236089503
75,A,Coffee Warden,cafe,Brisbane,no real website (uses www.facebook.com),,https://www.facebook.com/Coffee-Warden-Sandgate-380818316058328/,,https://www.facebook.com/Coffee-Warden-Sandgate-380818316058328/,0.0,0,74 Ward Street Sandgate,https://www.google.com/maps/search/?api=1&query=Coffee+Warden+74+Ward+Street+Sandgate,osm:node/9068696084
75,A,Paper Moon Coffee House and Functions,cafe,Brisbane,no real website (uses www.facebook.com),,https://www.facebook.com/profile.php?id=61584852192002,+61 408 135 812,https://www.facebook.com/profile.php?id=61584852192002,0.0,0,,https://www.google.com/maps/search/?api=1&query=Paper+Moon+Coffee+House+and+Functions,osm:node/9123207500
75,A,"Bancroft Roasters, Bardon",cafe,Brisbane,no real website (uses m.facebook.com),,https://m.facebook.com/story.php?story_fbid=2013500125499490&id=487145808134937&sfnsn=mo,,https://m.facebook.com/story.php?story_fbid=2013500125499490&id=487145808134937&sfnsn=mo,0.0,0,69 Bowman Parade Bardon,https://www.google.com/maps/search/?api=1&query=Bancroft+Roasters%2C+Bardon+69+Bowman+Parade+Bardon,osm:node/9144672728
75,A,Dropout Espresso,cafe,Brisbane,no real website (uses www.facebook.com),,https://www.facebook.com/Dropout-espresso-110045364260266/,+61 7 3289 5555,https://www.facebook.com/Dropout-espresso-110045364260266/,0.0,0,37 Main Street Samford Village,https://www.google.com/maps/search/?api=1&query=Dropout+Espresso+37+Main+Street+Samford+Village,osm:node/9722466737
75,A,Canter & Colt,cafe,Brisbane,no real website (uses www.facebook.com),,https://www.facebook.com/canterandcolt,+61 7 3289 1087,https://www.facebook.com/canterandcolt,0.0,0,42 Main Street Samford Village,https://www.google.com/maps/search/?api=1&query=Canter+%26+Colt+42+Main+Street+Samford+Village,osm:node/9722466760
75,A,Coffee on the Way,cafe,Brisbane,no real website (uses www.facebook.com),,https://www.facebook.com/people/Coffee-on-the-Way/100057414793271/,+61 407 900 595,https://www.facebook.com/people/Coffee-on-the-Way/100057414793271/,0.0,0,146 Ferny Way Ferny Hills,https://www.google.com/maps/search/?api=1&query=Coffee+on+the+Way+146+Ferny+Way+Ferny+Hills,osm:node/9813583077
75,A,Proud To Serve,cafe,Brisbane,no real website (uses www.facebook.com),,https://www.facebook.com/people/PROUD-to-SERVE/100083122461252/,+61 433 790 454,https://www.facebook.com/people/PROUD-to-SERVE/100083122461252/,0.0,0,202 Samford Road Enoggera,https://www.google.com/maps/search/?api=1&query=Proud+To+Serve+202+Samford+Road+Enoggera,osm:node/11150416784
75,A,Fraser's Newstead,cafe,Brisbane,no real website (uses www.instagram.com),https://www.instagram.com/frasersnewstead/,,,https://www.instagram.com/frasersnewstead/,0.0,0,12 Commercial Road,https://www.google.com/maps/search/?api=1&query=Fraser%27s+Newstead+12+Commercial+Road,osm:node/12145208585
75,A,Vinty Bean,cafe,Brisbane,no real website (uses www.instagram.com),https://www.instagram.com/vintybean/,,,https://www.instagram.com/vintybean/,0.0,0,53 Vernon Terrace,https://www.google.com/maps/search/?api=1&query=Vinty+Bean+53+Vernon+Terrace,osm:node/12724489665
75,A,The Woolshed.,cafe,Brisbane,no real website (uses www.instagram.com),https://www.instagram.com/woolshed.bne/,,,https://www.instagram.com/woolshed.bne/,0.0,0,15 Helen Street,https://www.google.com/maps/search/?api=1&query=The+Woolshed.+15+Helen+Street,osm:node/12738780913
75,A,Rooka Acai,cafe,Brisbane,no real website (uses www.instagram.com),https://www.instagram.com/rookaacai,,+61 435 383 803,https://www.instagram.com/rookaacai,0.0,0,,https://www.google.com/maps/search/?api=1&query=Rooka+Acai,osm:node/13264336826
75,A,Little Red Providore,cafe,Brisbane,no real website (uses www.facebook.com),,https://www.facebook.com/littleredprovidore/,+61 7 3369 4044,https://www.facebook.com/littleredprovidore/,0.0,0,63 Windsor Road,https://www.google.com/maps/search/?api=1&query=Little+Red+Providore+63+Windsor+Road,osm:way/53155641
75,A,Sundays Cafe,cafe,Brisbane,no real website (uses www.facebook.com),,https://www.facebook.com/SundaysCoffeeHouseRocklea/,+61 7 3150 8771,https://www.facebook.com/SundaysCoffeeHouseRocklea/,0.0,0,59 Brooke Street Rocklea,https://www.google.com/maps/search/?api=1&query=Sundays+Cafe+59+Brooke+Street+Rocklea,osm:way/310777492
75,A,Pimnipa Thai Kitchen,restaurant,Brisbane,no real website (uses m.facebook.com),,https://m.facebook.com/61579010138892/,+61 422 906 464,https://m.facebook.com/61579010138892/,0.0,0,,https://www.google.com/maps/search/?api=1&query=Pimnipa+Thai+Kitchen,osm:node/10000844190
75,A,Block House Coffe,restaurant,Brisbane,no real website (uses www.facebook.com),,https://www.facebook.com/Blockhouseeatdrink/,+61 7 3172 6869,https://www.facebook.com/Blockhouseeatdrink/,0.0,0,130 Ryans Road Nundah,https://www.google.com/maps/search/?api=1&query=Block+House+Coffe+130+Ryans+Road+Nundah,osm:node/10187571033
75,A,Sushi Gruhi,restaurant,Brisbane,no real website (uses www.facebook.com),,https://www.facebook.com/sushiaruhi/,,https://www.facebook.com/sushiaruhi/,0.0,0,10 Lakeview Promenade Newport,https://www.google.com/maps/search/?api=1&query=Sushi+Gruhi+10+Lakeview+Promenade+Newport,osm:node/13444796822
75,A,Graceville Pizza,restaurant,Brisbane,no real website (uses www.facebook.com),,https://www.facebook.com/GracevillePizza/,+61 7 3568 6888,https://www.facebook.com/GracevillePizza/,0.0,0,158 Graceville Avenue,https://www.google.com/maps/search/?api=1&query=Graceville+Pizza+158+Graceville+Avenue,osm:node/14085277145
75,A,Momiji,restaurant,Brisbane,no real website (uses www.facebook.com),,https://www.facebook.com/MomijiJapaneseRestaurant/,+61 425 620 360,https://www.facebook.com/MomijiJapaneseRestaurant/,0.0,0,27 Commercial Road Newstead,https://www.google.com/maps/search/?api=1&query=Momiji+27+Commercial+Road+Newstead,osm:node/14159289216
75,A,Caxton Street Brewing Co,restaurant,Brisbane,no real website (uses www.instagram.com),https://www.instagram.com/caxtonstreetbrewing/?hl=en,,,https://www.instagram.com/caxtonstreetbrewing/?hl=en,0.0,0,52 Petrie Terrace,https://www.google.com/maps/search/?api=1&query=Caxton+Street+Brewing+Co+52+Petrie+Terrace,osm:way/369314757
75,A,Yabby Road,takeaway,Brisbane,no real website (uses www.facebook.com),,https://www.facebook.com/yabbeyroad/,+61 499 922 239,https://www.facebook.com/yabbeyroad/,0.0,0,133 Redcliffe Parade,https://www.google.com/maps/search/?api=1&query=Yabby+Road+133+Redcliffe+Parade,osm:node/7081690009
75,A,Kebab & Charcoal Place,takeaway,Brisbane,no real website (uses www.facebook.com),,https://www.facebook.com/kebabncharcoalplace,+61 7 3607 1058,https://www.facebook.com/kebabncharcoalplace,0.0,0,,https://www.google.com/maps/search/?api=1&query=Kebab+%26+Charcoal+Place,osm:node/9457099194
75,A,G-Free Donuts,takeaway,Brisbane,no real website (uses www.instagram.com),https://www.instagram.com/gfreedonuts.uq,,+61 404 599 213,https://www.instagram.com/gfreedonuts.uq,0.0,0,,https://www.google.com/maps/search/?api=1&query=G-Free+Donuts,osm:node/14088706960
75,A,Red Dolphin Seafoods,takeaway,Brisbane,no real website (uses www.facebook.com),,https://www.facebook.com/profile.php?id=100071592963125,+61 7 3284 8703,https://www.facebook.com/profile.php?id=100071592963125,0.0,0,17 Margate Parade,https://www.google.com/maps/search/?api=1&query=Red+Dolphin+Seafoods+17+Margate+Parade,osm:way/390556888
75,A,Flat Lizard Brewing,bar or pub,Brisbane,no real website (uses www.facebook.com),,https://www.facebook.com/flatlizardbrewing/,,https://www.facebook.com/flatlizardbrewing/,0.0,0,,https://www.google.com/maps/search/?api=1&query=Flat+Lizard+Brewing,osm:node/11357374949
75,A,Ferny Way Bakery,bakery,Brisbane,no real website (uses www.facebook.com),,https://www.facebook.com/Ferny-Way-Bakery-689190028097407/,+61 7 3351 2708,https://www.facebook.com/Ferny-Way-Bakery-689190028097407/,0.0,0,146 Ferny Way Ferny Hills,https://www.google.com/maps/search/?api=1&query=Ferny+Way+Bakery+146+Ferny+Way+Ferny+Hills,osm:node/9813583081
75,A,Karana Krusty Bakery,bakery,Brisbane,no real website (uses www.facebook.com),,https://www.facebook.com/Bakery-Karana-Downs-624286981023430/,+61 7 3201 0104,https://www.facebook.com/Bakery-Karana-Downs-624286981023430/,0.0,0,1 College Road Karana Downs,https://www.google.com/maps/search/?api=1&query=Karana+Krusty+Bakery+1+College+Road+Karana+Downs,osm:node/9839028501
75,A,Scotty Barberino's Barber Shop,barber or hairdresser,Brisbane,no real website (uses facebook.com),,https://facebook.com/scottybarberinos/,+61 7 3289 2468,https://facebook.com/scottybarberinos/,0.0,0,37 Main Street Samford Village,https://www.google.com/maps/search/?api=1&query=Scotty+Barberino%27s+Barber+Shop+37+Main+Street+Samford+Village,osm:node/615115537
75,A,Crown and Co Barbers,barber or hairdresser,Brisbane,no real website (uses www.facebook.com),,https://www.facebook.com/crownandcobarbers/?ref=page_internal,,https://www.facebook.com/crownandcobarbers/?ref=page_internal,0.0,0,Brunswick Street Fortitude Valley,https://www.google.com/maps/search/?api=1&query=Crown+and+Co+Barbers+Brunswick+Street+Fortitude+Valley,osm:node/7003674985
75,A,Bella Vision Hair Studio,barber or hairdresser,Brisbane,no real website (uses www.facebook.com),,https://www.facebook.com/bellavisionhairstudio132,+61 7 3351 0200,https://www.facebook.com/bellavisionhairstudio132/,0.0,0,146 Ferny Way Ferny Hills,https://www.google.com/maps/search/?api=1&query=Bella+Vision+Hair+Studio+146+Ferny+Way+Ferny+Hills,osm:node/9813583082
75,A,Brass Knuckles Barber,barber or hairdresser,Brisbane,no real website (uses www.instagram.com),https://www.instagram.com/brassknuckles_barber/,,+61 493 369 135,https://www.instagram.com/brassknuckles_barber/,0.0,0,448 Enoggera Road Alderley,https://www.google.com/maps/search/?api=1&query=Brass+Knuckles+Barber+448+Enoggera+Road+Alderley,osm:node/11180909945
75,A,Kin Barbershop,barber or hairdresser,Brisbane,no real website (uses kinbarbershop.square.site),,https://www.facebook.com/p/Kin-Barbershop-61557611918699,+61 411 614 614,https://kinbarbershop.square.site/,0.0,0,95 Samford Road Alderley,https://www.google.com/maps/search/?api=1&query=Kin+Barbershop+95+Samford+Road+Alderley,osm:node/12545535658
75,A,Terry Dobie Hairdressing,barber or hairdresser,Brisbane,no real website (uses terrydobiehair.wixsite.com),,https://www.facebook.com/Terrydobiehair/,,https://terrydobiehair.wixsite.com/mysite,0.0,0,210 Redland Bay Road Capalaba,https://www.google.com/maps/search/?api=1&query=Terry+Dobie+Hairdressing+210+Redland+Bay+Road+Capalaba,osm:node/13179363365
75,A,Nail Today,beauty salon,Brisbane,no real website (uses www.facebook.com),,https://www.facebook.com/profile.php?id=100063881476277,+61 414 266 235,https://www.facebook.com/profile.php?id=100063881476277,0.0,0,,https://www.google.com/maps/search/?api=1&query=Nail+Today,osm:node/9653127489
75,A,Kadison And Lealta,florist,Brisbane,no real website (uses www.facebook.com),,https://www.facebook.com/kadisonandlealta/,+61 431 454 413,https://www.facebook.com/kadisonandlealta/,0.0,0,,https://www.google.com/maps/search/?api=1&query=Kadison+And+Lealta,osm:node/9531229132
75,A,Canary Lane,boutique,Brisbane,no real website (uses www.facebook.com),,https://www.facebook.com/Canary-Lane-686290855153091/,+61 7 3852 2997,https://www.facebook.com/Canary-Lane-686290855153091/,0.0,0,,https://www.google.com/maps/search/?api=1&query=Canary+Lane,osm:node/9470434950
75,A,Shady Dayz Gifts & Homewares,gift or homewares,Brisbane,no real website (uses www.facebook.com),,https://www.facebook.com/shadydayzgifts/,+61 7 3289 1833,https://www.facebook.com/shadydayzgifts/,0.0,0,40 Main Street Samford Village,https://www.google.com/maps/search/?api=1&query=Shady+Dayz+Gifts+%26+Homewares+40+Main+Street+Samford+Village,osm:node/6284238877
75,A,Petrie 2nd Hand Furniture,gift or homewares,Brisbane,no real website (uses petrie-secondhand-furniture.business.site),,https://www.facebook.com/people/Petrie-secondhand-furniture/100057573274067/,+61 432 059 374,https://petrie-secondhand-furniture.business.site/,0.0,0,11 Dayboro Road,https://www.google.com/maps/search/?api=1&query=Petrie+2nd+Hand+Furniture+11+Dayboro+Road,osm:node/9531217766
75,A,Cherished Creations,gift or homewares,Brisbane,no real website (uses www.facebook.com),,https://www.facebook.com/cherishedcreationshandmade/,+61 419 343 235,https://www.facebook.com/cherishedcreationshandmade/,0.0,0,37 Main Street Samford Village,https://www.google.com/maps/search/?api=1&query=Cherished+Creations+37+Main+Street+Samford+Village,osm:node/9722466736
75,A,Makers on Main,gift or homewares,Brisbane,no real website (uses www.facebook.com),,https://www.facebook.com/Makers-On-Main-281063809243994/,+61 458 966 151,https://www.facebook.com/Makers-On-Main-281063809243994/,0.0,0,48 Main Street Samford Village,https://www.google.com/maps/search/?api=1&query=Makers+on+Main+48+Main+Street+Samford+Village,osm:node/9722466747
75,A,Shear Designz,pet business,Brisbane,no real website (uses www.facebook.com),,https://www.facebook.com/caninestylist.com.au/,+61 7 3889 0333,https://www.facebook.com/caninestylist.com.au/,0.0,0,,https://www.google.com/maps/search/?api=1&query=Shear+Designz,osm:node/9531241843
75,A,Next Up Performance & Dyno Tuning,mechanic,Brisbane,no real website (uses www.facebook.com),,https://www.facebook.com/next.up.5/,,https://www.facebook.com/next.up.5/,0.0,0,115 Dollis Street Rocklea,https://www.google.com/maps/search/?api=1&query=Next+Up+Performance+%26+Dyno+Tuning+115+Dollis+Street+Rocklea,osm:node/6282044511
75,A,Prince Auto & Tyre Service,mechanic,Brisbane,no real website (uses www.facebook.com),,https://www.facebook.com/princeauto111/,+61 402 779 568,https://www.facebook.com/princeauto111/,0.0,0,115 Dollis Street Rocklea,https://www.google.com/maps/search/?api=1&query=Prince+Auto+%26+Tyre+Service+115+Dollis+Street+Rocklea,osm:node/6282044560
75,A,Ascot Automotive,mechanic,Brisbane,no real website (uses www.facebook.com),,https://www.facebook.com/ascotautomotive4007/,+61 7 3262 2433,https://www.facebook.com/ascotautomotive4007/,0.0,0,,https://www.google.com/maps/search/?api=1&query=Ascot+Automotive,osm:node/9470360661
75,A,Dinmore Fruit Barn,deli or specialty food,Brisbane,no real website (uses www.facebook.com),,https://www.facebook.com/pages/Dinmore-Fruit-Barn/190399727707208,+61 7 3282 4221,https://www.facebook.com/pages/Dinmore-Fruit-Barn/190399727707208,0.0,0,25 Brisbane Road Dinmore,https://www.google.com/maps/search/?api=1&query=Dinmore+Fruit+Barn+25+Brisbane+Road+Dinmore,osm:node/11935977737
75,A,Mrs Delicious,cafe,Cairns,no real website (uses www.facebook.com),,https://www.facebook.com/photo/?fbid=122113102580862715&set=a.122095944620862715,,https://www.facebook.com/photo/?fbid=122113102580862715&set=a.122095944620862715,0.0,0,,https://www.google.com/maps/search/?api=1&query=Mrs+Delicious,osm:node/10764785751
75,A,Sushi Roll King,restaurant,Cairns,no real website (uses www.facebook.com),,https://www.facebook.com/Sushi-Rollking-Sheridan-869079169913894/?notify_field=hours&modal=profile_completion,+61 490 251 556,https://www.facebook.com/Sushi-Rollking-Sheridan-869079169913894/?notify_field=hours&modal=profile_completion,0.0,0,129 Sheridan Street Cairns City,https://www.google.com/maps/search/?api=1&query=Sushi+Roll+King+129+Sheridan+Street+Cairns+City,osm:node/1939562769
75,A,BBQ Brothers,restaurant,Cairns,no real website (uses www.facebook.com),,https://www.facebook.com/bbqbrothersaustralia,,https://www.facebook.com/bbqbrothersaustralia,0.0,0,,https://www.google.com/maps/search/?api=1&query=BBQ+Brothers,osm:node/8750917138
75,A,Ganbaranba,restaurant,Cairns,no real website (uses www.instagram.com),https://www.instagram.com/cool_ganba,,,https://www.instagram.com/cool_ganba/,0.0,0,12-20 Spence Street,https://www.google.com/maps/search/?api=1&query=Ganbaranba+12-20+Spence+Street,osm:node/12819081101
75,A,Mister Cuts Barber Shop,barber or hairdresser,Cairns,no real website (uses www.facebook.com),,https://www.facebook.com/mistercutsbarbershopcairns,,https://www.facebook.com/mistercutsbarbershopcairns,0.0,0,,https://www.google.com/maps/search/?api=1&query=Mister+Cuts+Barber+Shop,osm:node/8743259067
75,A,Los Vegos,cafe,Gold Coast,no real website (uses www.facebook.com),,https://www.facebook.com/Los-Vegos-Coolangatta-853780404959832/,+61 7 5599 3560,https://www.facebook.com/Los-Vegos-Coolangatta-853780404959832/,0.0,0,,https://www.google.com/maps/search/?api=1&query=Los+Vegos,osm:node/5276878025
75,A,Cafe Kirra,cafe,Gold Coast,no real website (uses www.facebook.com),,https://www.facebook.com/cafekirra/,+61 7 5536 2614,https://www.facebook.com/cafekirra/,0.0,0,,https://www.google.com/maps/search/?api=1&query=Cafe+Kirra,osm:node/5276900122
75,A,Elephant Grounds Cafe,cafe,Gold Coast,no real website (uses www.facebook.com),,https://www.facebook.com/Elephant-Grounds-552246915107742/,+61 419 782 640,https://www.facebook.com/Elephant-Grounds-552246915107742/,0.0,0,,https://www.google.com/maps/search/?api=1&query=Elephant+Grounds+Cafe,osm:node/8593711224
75,A,Seaway Kiosk,cafe,Gold Coast,no real website (uses www.facebook.com),,https://www.facebook.com/seawaykioskandjetty/,+61 7 5591 6970,https://www.facebook.com/seawaykioskandjetty/,0.0,0,,https://www.google.com/maps/search/?api=1&query=Seaway+Kiosk,osm:node/8616342962
75,A,Cafe 1291,cafe,Gold Coast,no real website (uses www.facebook.com),,https://www.facebook.com/Cafetwelve91/,+61 427 883 742,https://www.facebook.com/Cafetwelve91/,0.0,0,,https://www.google.com/maps/search/?api=1&query=Cafe+1291,osm:node/8670882225
75,A,Good Day Coffee,cafe,Gold Coast,no real website (uses www.instagram.com),https://www.instagram.com/gooddaycoffee/?hl=en,,,https://www.instagram.com/gooddaycoffee/?hl=en,0.0,0,,https://www.google.com/maps/search/?api=1&query=Good+Day+Coffee,osm:node/9307958170
75,A,Niche & Co,cafe,Gold Coast,homepage shows an error page (HTTP 404),https://instagram.com/nicheandco,https://facebook.com/nicheandco,+61 7 5598 2535,https://nicheandco.com.au,0.0,0,449 Golden Four Drive,https://www.google.com/maps/search/?api=1&query=Niche+%26+Co+449+Golden+Four+Drive,osm:node/9319853697
75,A,Burleigh Beach Kiosk,cafe,Gold Coast,no real website (uses www.facebook.com),,https://www.facebook.com/burleighbeachkiosk,+61 7 5520 2972,https://www.facebook.com/burleighbeachkiosk,0.0,0,,https://www.google.com/maps/search/?api=1&query=Burleigh+Beach+Kiosk,osm:node/9347719886
75,A,Old Paris Cafe,cafe,Gold Coast,no real website (uses www.facebook.com),,https://www.facebook.com/oldparisvarsity/,+61 7 5636 7477,https://www.facebook.com/oldparisvarsity/,0.0,0,,https://www.google.com/maps/search/?api=1&query=Old+Paris+Cafe,osm:node/9398497591
75,A,The Lott Cafe,cafe,Gold Coast,no real website (uses www.facebook.com),,https://www.facebook.com/The-Lott-Cafe-Robina-1803600919948866/,+61 7 5593 0388,https://www.facebook.com/The-Lott-Cafe-Robina-1803600919948866/,0.0,0,,https://www.google.com/maps/search/?api=1&query=The+Lott+Cafe,osm:node/9424240541
75,A,Mokacino's Cafe,cafe,Gold Coast,no real website (uses www.facebook.com),,https://www.facebook.com/Mokacinos/,+61 401 993 633,https://www.facebook.com/Mokacinos/,0.0,0,,https://www.google.com/maps/search/?api=1&query=Mokacino%27s+Cafe,osm:node/9424314270
75,A,West Brew Coffee,cafe,Gold Coast,no real website (uses www.facebook.com),,https://www.facebook.com/West-Brew-Coffee-106717397834618/,+61 437 541 888,https://www.facebook.com/West-Brew-Coffee-106717397834618/,0.0,0,,https://www.google.com/maps/search/?api=1&query=West+Brew+Coffee,osm:node/9448745744
75,A,Aperitivo Cafe,cafe,Gold Coast,no real website (uses www.instagram.com),https://www.instagram.com/aperitivo.cafe/,,+61 490 811 563,https://www.instagram.com/aperitivo.cafe/,0.0,0,8 Thrower Drive,https://www.google.com/maps/search/?api=1&query=Aperitivo+Cafe+8+Thrower+Drive,osm:node/14176109992
75,A,Sushi Honba,restaurant,Gold Coast,no real website (uses www.instagram.com),https://www.instagram.com/sushihonba/,,+61 455 609 642,https://www.instagram.com/sushihonba/,0.0,0,,https://www.google.com/maps/search/?api=1&query=Sushi+Honba,osm:node/4272692290
75,A,Pollys Country Kitchen,restaurant,Gold Coast,no real website (uses www.facebook.com),,https://www.facebook.com/PollysCountryKitchen/,+61 7 5530 3400,https://www.facebook.com/PollysCountryKitchen/,0.0,0,,https://www.google.com/maps/search/?api=1&query=Pollys+Country+Kitchen,osm:node/4873971521
75,A,Mr Itoshin,restaurant,Gold Coast,no real website (uses www.facebook.com),,https://www.facebook.com/itoshinnabe/,+61 411 130 747,https://www.facebook.com/itoshinnabe/,0.0,0,,https://www.google.com/maps/search/?api=1&query=Mr+Itoshin,osm:node/9276824809
75,A,Pinto Thai,restaurant,Gold Coast,no real website (uses www.facebook.com),,https://www.facebook.com/pintothaicoolangatta/,+61 7 5536 1165,https://www.facebook.com/pintothaicoolangatta/,0.0,0,,https://www.google.com/maps/search/?api=1&query=Pinto+Thai,osm:node/9311657952
75,A,Cara Cara,restaurant,Gold Coast,no real website (uses www.facebook.com),,https://www.facebook.com/caracaramexican/,+61 422 416 889,https://www.facebook.com/caracaramexican/,0.0,0,,https://www.google.com/maps/search/?api=1&query=Cara+Cara,osm:node/9319863092
75,A,Lucky Mama Malaysian Restaurant,restaurant,Gold Coast,no real website (uses www.facebook.com),,https://www.facebook.com/Lucky-Mama-Restaurant-662520431028606/,+61 7 5598 2680,https://www.facebook.com/Lucky-Mama-Restaurant-662520431028606/,0.0,0,,https://www.google.com/maps/search/?api=1&query=Lucky+Mama+Malaysian+Restaurant,osm:node/9320044777
75,A,Palm Garden Chinese Restaurant,restaurant,Gold Coast,no real website (uses www.facebook.com),,https://www.facebook.com/PalmGardenChinese,+61 7 5534 3222,https://www.facebook.com/PalmGardenChinese,0.0,0,,https://www.google.com/maps/search/?api=1&query=Palm+Garden+Chinese+Restaurant,osm:node/9325924827
75,A,Wildernis Cafe and Bar,restaurant,Gold Coast,no real website (uses www.facebook.com),,https://www.facebook.com/wilderniscafeandbar/,+61 7 5534 5428,https://www.facebook.com/wilderniscafeandbar/,0.0,0,,https://www.google.com/maps/search/?api=1&query=Wildernis+Cafe+and+Bar,osm:node/9325947025
75,A,The Lake Brewhouse,restaurant,Gold Coast,no real website (uses www.facebook.com),,https://www.facebook.com/thelakebrewhouse,+61 7 5593 3045,https://www.facebook.com/thelakebrewhouse,0.0,0,,https://www.google.com/maps/search/?api=1&query=The+Lake+Brewhouse,osm:node/9395991593
75,A,Sushi & Tempura,restaurant,Gold Coast,no real website (uses www.facebook.com),,https://www.facebook.com/Cherryblossomvarsity/,+61 7 5575 9506,https://www.facebook.com/Cherryblossomvarsity/,0.0,0,,https://www.google.com/maps/search/?api=1&query=Sushi+%26+Tempura,osm:node/9398515426
75,A,Mandi Corner Gold Coast,restaurant,Gold Coast,no real website (uses www.facebook.com),,https://www.facebook.com/mandialarabiagoldcoast,+61 7 5517 4177,https://www.facebook.com/mandialarabiagoldcoast,0.0,0,1 Arthur Way Ormeau,https://www.google.com/maps/search/?api=1&query=Mandi+Corner+Gold+Coast+1+Arthur+Way+Ormeau,osm:node/9787080157
75,A,JJ's on Golden Four,takeaway,Gold Coast,no real website (uses www.facebook.com),,https://www.facebook.com/jjsongoldenfour/,+61 7 5534 1007,https://www.facebook.com/jjsongoldenfour/,0.0,0,,https://www.google.com/maps/search/?api=1&query=JJ%27s+on+Golden+Four,osm:node/8653715459
75,A,Big Chief,takeaway,Gold Coast,no real website (uses www.facebook.com),,https://www.facebook.com/Big-Chief-Burgers-Coolangatta-182275748504697/,+61 7 5536 1088,https://www.facebook.com/Big-Chief-Burgers-Coolangatta-182275748504697/,0.0,0,,https://www.google.com/maps/search/?api=1&query=Big+Chief,osm:node/9311642182
75,A,Flying Chicken,takeaway,Gold Coast,no real website (uses www.facebook.com),,https://www.facebook.com/pages/Flying-Chicken/2115204535392038,+61 7 5661 0848,https://www.facebook.com/pages/Flying-Chicken/2115204535392038,0.0,0,,https://www.google.com/maps/search/?api=1&query=Flying+Chicken,osm:node/9404091988
75,A,Pie Pie,bakery,Gold Coast,no real website (uses www.facebook.com),,https://www.facebook.com/piepieburleigh,+61 7 3103 3503,https://www.facebook.com/piepieburleigh,0.0,0,,https://www.google.com/maps/search/?api=1&query=Pie+Pie,osm:node/5419423087
75,A,Kirra Beach Bakery,bakery,Gold Coast,no real website (uses www.facebook.com),,https://www.facebook.com/kirrabeachbakery/,+61 7 5536 5358,https://www.facebook.com/kirrabeachbakery/,0.0,0,,https://www.google.com/maps/search/?api=1&query=Kirra+Beach+Bakery,osm:node/9314302542
75,A,Art Taste Cafe,bakery,Gold Coast,no real website (uses www.facebook.com),,https://www.facebook.com/Arttastecaferobina/,+61 7 5580 8609,https://www.facebook.com/Arttastecaferobina/,0.0,0,,https://www.google.com/maps/search/?api=1&query=Art+Taste+Cafe,osm:node/9424332683
75,A,First Wave Hair,barber or hairdresser,Gold Coast,no real website (uses www.facebook.com),,https://www.facebook.com/Firstwave-Hair-Salon-Tugun-1473721922922601/,+61 7 5534 3036,https://www.facebook.com/Firstwave-Hair-Salon-Tugun-1473721922922601/,0.0,0,,https://www.google.com/maps/search/?api=1&query=First+Wave+Hair,osm:node/9319962182
75,A,BarberLife,barber or hairdresser,Gold Coast,no real website (uses www.facebook.com),,https://www.facebook.com/varsity4227/,+61 423 663 425,https://www.facebook.com/varsity4227/,0.0,0,,https://www.google.com/maps/search/?api=1&query=BarberLife,osm:node/9398520052
75,A,DMH Palm Beach,barber or hairdresser,Gold Coast,no real website (uses www.facebook.com),,https://www.facebook.com/DMHPalmBeach/,+61 405 801 224,https://www.facebook.com/DMHPalmBeach/,0.0,0,,https://www.google.com/maps/search/?api=1&query=DMH+Palm+Beach,osm:node/9733985812
75,A,This studio&co,barber or hairdresser,Gold Coast,homepage shows an error page (HTTP 404),https://instagram.com/this.studioandco,https://facebook.com/this.studioandco,+61 402 100 721,https://thisstudioandco.com.au,0.0,0,,https://www.google.com/maps/search/?api=1&query=This+studio%26co,osm:node/13389884603
75,A,Vanity Beauty Services,beauty salon,Gold Coast,no real website (uses www.facebook.com),,https://www.facebook.com/vanitybeautyservices/,+61 422 226 410,https://www.facebook.com/vanitybeautyservices/,0.0,0,,https://www.google.com/maps/search/?api=1&query=Vanity+Beauty+Services,osm:node/9441371691
75,A,Sea Wish,boutique,Gold Coast,no real website (uses m.facebook.com),,https://m.facebook.com/SeaWishShop/,+61 7 5536 3888,https://m.facebook.com/SeaWishShop/,0.0,0,52 Griffith Street Coolangatta,https://www.google.com/maps/search/?api=1&query=Sea+Wish+52+Griffith+Street+Coolangatta,osm:node/8282441001
75,A,Tugun Veterinary Surgery,pet business,Gold Coast,no real website (uses www.facebook.com),,https://www.facebook.com/TugunVets/,+61 7 5534 1928,https://www.facebook.com/TugunVets/,0.0,0,,https://www.google.com/maps/search/?api=1&query=Tugun+Veterinary+Surgery,osm:node/9319993209
75,A,Booval Seafood,takeaway,Ipswich,no real website (uses www.facebook.com),,https://www.facebook.com/boovalseafood/,+61 7 3812 2888,https://www.facebook.com/boovalseafood/,0.0,0,73 Blackstone Road,https://www.google.com/maps/search/?api=1&query=Booval+Seafood+73+Blackstone+Road,osm:node/8333254062
75,A,Bottletree Hotel Glamorgan Vale,bar or pub,Ipswich,no real website (uses www.facebook.com),,https://www.facebook.com/bottletreepub/,,https://www.facebook.com/bottletreepub/,0.0,0,664 Glamorgan Vale Road Glamorgan Vale,https://www.google.com/maps/search/?api=1&query=Bottletree+Hotel+Glamorgan+Vale+664+Glamorgan+Vale+Road+Glamorgan+Vale,osm:way/1295569660
75,A,Loui's Fruit Market,deli or specialty food,Ipswich,no real website (uses www.facebook.com),,https://www.facebook.com/louisboovalfruitmarket/,+61 7 3202 1544,https://www.facebook.com/louisboovalfruitmarket/,0.0,0,116 Brisbane Road Booval,https://www.google.com/maps/search/?api=1&query=Loui%27s+Fruit+Market+116+Brisbane+Road+Booval,osm:node/8330809892
75,A,Flagstone Bakery,bakery,Logan,no real website (uses www.facebook.com),,https://www.facebook.com/FlagstoneBakery/,+61 7 5546 9959,https://www.facebook.com/FlagstoneBakery/,0.0,0,,https://www.google.com/maps/search/?api=1&query=Flagstone+Bakery,osm:node/12183611904
75,A,All Aussie Automotive,mechanic,Logan,no real website (uses www.facebook.com),,https://www.facebook.com/allaussieautomotive,+61 401 442 629,https://www.facebook.com/allaussieautomotive,0.0,0,34 Old Pacific Highway Yatala,https://www.google.com/maps/search/?api=1&query=All+Aussie+Automotive+34+Old+Pacific+Highway+Yatala,osm:node/7908292097
75,A,The Grazing Goat Cafe,cafe,Mackay,no real website (uses www.facebook.com),,https://www.facebook.com/GrazingGoatCafe/,+61 7 4953 2623,https://www.facebook.com/GrazingGoatCafe/,0.0,0,,https://www.google.com/maps/search/?api=1&query=The+Grazing+Goat+Cafe,osm:node/9867410038
75,A,RARE Bar & Grill,restaurant,Mackay,no real website (uses www.facebook.com),,https://www.facebook.com/rarebarandgrillmackay,+61 437 176 863,https://www.facebook.com/rarebarandgrillmackay,0.0,0,,https://www.google.com/maps/search/?api=1&query=RARE+Bar+%26+Grill,osm:node/1637502627
75,A,Jalla's Cafe,cafe,Moreton Bay,no real website (uses www.facebook.com),,https://www.facebook.com/jallascafe/,+61 7 5496 1866,https://www.facebook.com/jallascafe/,0.0,0,97 Archer Street,https://www.google.com/maps/search/?api=1&query=Jalla%27s+Cafe+97+Archer+Street,osm:way/465970961
75,A,Coffee Society,cafe,Rockhampton,no real website (uses www.facebook.com),,https://www.facebook.com/coffeesocietyrockhampton/,+61 408 335 908,https://www.facebook.com/coffeesocietyrockhampton/,0.0,0,126 East Street,https://www.google.com/maps/search/?api=1&query=Coffee+Society+126+East+Street,osm:node/7655687552
75,A,U Rok Hair & Beauty,barber or hairdresser,Rockhampton,no real website (uses www.facebook.com),,https://www.facebook.com/URokHairMakeupDesign/,+61 419 727 326,https://www.facebook.com/URokHairMakeupDesign/,0.0,0,7 Agnew Avenue,https://www.google.com/maps/search/?api=1&query=U+Rok+Hair+%26+Beauty+7+Agnew+Avenue,osm:node/9470249896
75,A,Capricornia Remedial Massage,massage or spa,Rockhampton,no real website (uses capricorniaremedialmassagerockhampton.gettimely.com),,https://www.facebook.com/capricorniaremedialmassage,+61 409 708 830,https://capricorniaremedialmassagerockhampton.gettimely.com/,0.0,0,31 Berserker Street,https://www.google.com/maps/search/?api=1&query=Capricornia+Remedial+Massage+31+Berserker+Street,osm:node/14134541302
75,A,Rockhampton Fitness Centre,gym or studio,Rockhampton,no real website (uses www.facebook.com),,https://www.facebook.com/rockhamptonfitness.centre/,+61 7 4927 8880,https://www.facebook.com/rockhamptonfitness.centre/,0.0,0,205 East Street,https://www.google.com/maps/search/?api=1&query=Rockhampton+Fitness+Centre+205+East+Street,osm:way/951326752
75,A,Wok@Li Noodles,restaurant,Sunshine Coast,no real website (uses www.facebook.com),,https://www.facebook.com/Wok-at-Li-noodles-595307274287896/,+61 7 5438 8234,https://www.facebook.com/Wok-at-Li-noodles-595307274287896/,0.0,0,750 Nicklin Way Currimundi,https://www.google.com/maps/search/?api=1&query=Wok%40Li+Noodles+750+Nicklin+Way+Currimundi,osm:node/9294997466
75,A,Sushi 79,restaurant,Sunshine Coast,no real website (uses www.facebook.com),,https://www.facebook.com/THESUSHI79CURRIMUNDI/,+61 7 5437 8208,https://www.facebook.com/THESUSHI79CURRIMUNDI/,0.0,0,750 Nicklin Way Currimundi,https://www.google.com/maps/search/?api=1&query=Sushi+79+750+Nicklin+Way+Currimundi,osm:node/9722699723
75,A,Clancy's Beachside Takeaway,takeaway,Sunshine Coast,no real website (uses www.facebook.com),,https://www.facebook.com/clancys.beachside.takeaway/,+61 7 5491 3940,https://www.facebook.com/clancys.beachside.takeaway/,0.0,0,8A Beerburrum Street,https://www.google.com/maps/search/?api=1&query=Clancy%27s+Beachside+Takeaway+8A+Beerburrum+Street,osm:node/8811172897
75,A,Pete's Village Bakery,bakery,Sunshine Coast,no real website (uses www.facebook.com),,https://www.facebook.com/petesvillagebakery,+61 7 5446 7629,https://www.facebook.com/petesvillagebakery,0.0,0,5 Farrell Street Yandina,https://www.google.com/maps/search/?api=1&query=Pete%27s+Village+Bakery+5+Farrell+Street+Yandina,osm:node/8864720726
75,A,Parklands Bakery,bakery,Sunshine Coast,no real website (uses facebook.com),,https://facebook.com/parklandsbakery/,+61 7 5438 2211,https://facebook.com/parklandsbakery/,0.0,0,36 Village Way Little Mountain,https://www.google.com/maps/search/?api=1&query=Parklands+Bakery+36+Village+Way+Little+Mountain,osm:node/9760900997
75,A,Hair at Mooloolaba,barber or hairdresser,Sunshine Coast,no real website (uses m.facebook.com),,https://m.facebook.com/@hairstudiomooloolabah,+61 7 5294 6373,https://m.facebook.com/@hairstudiomooloolabah,0.0,0,2 Brisbane Road Mooloolaba,https://www.google.com/maps/search/?api=1&query=Hair+at+Mooloolaba+2+Brisbane+Road+Mooloolaba,osm:node/12993402001
75,A,Ocean Spa Nails,beauty salon,Sunshine Coast,no real website (uses www.facebook.com),,https://www.facebook.com/Ocean-Spa-Nails-Currimundi-100394445284468/,+61 7 5337 6337,https://www.facebook.com/Ocean-Spa-Nails-Currimundi-100394445284468/,0.0,0,750 Nicklin Way Currimundi,https://www.google.com/maps/search/?api=1&query=Ocean+Spa+Nails+750+Nicklin+Way+Currimundi,osm:node/9722699720
75,A,Alt Brew,cafe,Townsville,no real website (uses www.facebook.com),,https://www.facebook.com/Alt-Brew-1325275994229457,,https://www.facebook.com/Alt-Brew-1325275994229457,0.0,0,,https://www.google.com/maps/search/?api=1&query=Alt+Brew,osm:node/8483655457
75,A,Old Railway Cafe,cafe,Townsville,no real website (uses www.facebook.com),,https://www.facebook.com/theoldrailwaycafe,,https://www.facebook.com/theoldrailwaycafe,0.0,0,,https://www.google.com/maps/search/?api=1&query=Old+Railway+Cafe,osm:node/8489852357
75,A,The Spirited Goat,cafe,Townsville,no real website (uses www.facebook.com),,https://www.facebook.com/The-Spirited-Goat-475954869187116,,https://www.facebook.com/The-Spirited-Goat-475954869187116,0.0,0,,https://www.google.com/maps/search/?api=1&query=The+Spirited+Goat,osm:node/8589930991
75,A,Aroi Bangkok Thai Restaurant,restaurant,Townsville,no real website (uses www.facebook.com),,https://www.facebook.com/AroiBangkokThaiRestaurant,,https://www.facebook.com/AroiBangkokThaiRestaurant,0.0,0,,https://www.google.com/maps/search/?api=1&query=Aroi+Bangkok+Thai+Restaurant,osm:node/6745384725
75,A,Lotus Saigon,restaurant,Townsville,no real website (uses lotus-saigon.business.site),https://www.instagram.com/lotussaigonts,https://www.facebook.com/lotussaigontsv,+61 7 4721 3349,https://lotus-saigon.business.site/,0.0,0,42 Gregory Street,https://www.google.com/maps/search/?api=1&query=Lotus+Saigon+42+Gregory+Street,osm:node/10110813789
75,A,Squeeze Me,takeaway,Townsville,homepage shows an error page (HTTP 404),,https://www.facebook.com/Squeezemetownsville,+61 7 4721 0322,https://www.squeezeme.com.au/,0.0,0,,https://www.google.com/maps/search/?api=1&query=Squeeze+Me,osm:node/10127401027
75,A,Australian Hotel,bar or pub,Townsville,no real website (uses www.facebook.com),,https://www.facebook.com/australianhoteltownsville,,https://www.facebook.com/australianhoteltownsville,0.0,0,,https://www.google.com/maps/search/?api=1&query=Australian+Hotel,osm:node/1500808755
75,A,Gentleman Jones Barber Shop,barber or hairdresser,Townsville,no real website (uses www.facebook.com),,https://www.facebook.com/pages/category/Local-Business/Gentleman-Jones-235990806595718,,https://www.facebook.com/pages/category/Local-Business/Gentleman-Jones-235990806595718,0.0,0,,https://www.google.com/maps/search/?api=1&query=Gentleman+Jones+Barber+Shop,osm:node/8730393414
75,A,She Creative Hair,barber or hairdresser,Townsville,no real website (uses www.facebook.com),,https://www.facebook.com/shecreativehair.com.au/,+61 7 4721 1110,https://www.facebook.com/shecreativehair.com.au/,0.0,0,,https://www.google.com/maps/search/?api=1&query=She+Creative+Hair,osm:node/10083023350
75,A,NCS Automotive Townsville,mechanic,Townsville,no real website (uses www.facebook.com),,https://www.facebook.com/NCSAutomotiveTownsville/,+61 7 4775 5665,https://www.facebook.com/NCSAutomotiveTownsville/,0.0,0,,https://www.google.com/maps/search/?api=1&query=NCS+Automotive+Townsville,osm:node/9459560541
75,A,Precinct Fine Meats,deli or specialty food,Townsville,no real website (uses www.facebook.com),,https://www.facebook.com/ottosmarketprecinct,,https://www.facebook.com/ottosmarketprecinct,0.0,0,,https://www.google.com/maps/search/?api=1&query=Precinct+Fine+Meats,osm:node/1805737030
67,A,Supperclub Maggie May,restaurant,Brisbane,security certificate error (browsers warn visitors away),https://www.instagram.com/maggiemaybne,https://www.facebook.com/maggiemaybne,+61 7 3166 2479,https://maggiemaybne.com.au/,0.0,0,84 Longland Street Newstead,https://www.google.com/maps/search/?api=1&query=Supperclub+Maggie+May+84+Longland+Street+Newstead,osm:node/4648425493
67,A,Wavell Heights Kindergarten,childcare,Brisbane,security certificate error (browsers warn visitors away),,https://www.facebook.com/WHKindy/,,https://www.wavellheightskindergarten.com.au,0.0,0,175 Edinburgh Castle Road Wavell Heights,https://www.google.com/maps/search/?api=1&query=Wavell+Heights+Kindergarten+175+Edinburgh+Castle+Road+Wavell+Heights,osm:way/1429709819
67,A,Dutton Park Family Dental,dentist,Brisbane,security certificate error (browsers warn visitors away),https://www.instagram.com/duttonparkfamilydental,,+61 7 3179 7800,https://www.duttonparkfamilydental.com.au/,0.0,0,,https://www.google.com/maps/search/?api=1&query=Dutton+Park+Family+Dental,osm:node/14178875661
67,A,Oxley Nursery,landscaper,Brisbane,security certificate error (browsers warn visitors away),,https://www.facebook.com/oxleynursery/,,https://www.oxleynursery.com.au/,0.0,0,174 Dowding Street Oxley,https://www.google.com/maps/search/?api=1&query=Oxley+Nursery+174+Dowding+Street+Oxley,osm:node/12697735512
67,A,Naughty Bean Cafe,cafe,Gold Coast,security certificate error (browsers warn visitors away),,https://www.facebook.com/beancafe2016/,+61 7 5520 4209,https://naughtybeancafe.com.au/,0.0,0,16 Township Drive Burleigh Heads,https://www.google.com/maps/search/?api=1&query=Naughty+Bean+Cafe+16+Township+Drive+Burleigh+Heads,osm:node/11388501660
67,A,Flour of Life Bakery,restaurant,Gold Coast,security certificate error (browsers warn visitors away),,https://www.facebook.com/FlourOfLife,+61 7 5511 1676,https://flouroflifebakery.com.au,0.0,0,22-32 Siganto Drive Helensvale,https://www.google.com/maps/search/?api=1&query=Flour+of+Life+Bakery+22-32+Siganto+Drive+Helensvale,osm:node/9347681690
67,A,Shiba Wings -  Scammers Closed Shop,restaurant,Gold Coast,security certificate error (browsers warn visitors away),https://www.instagram.com/shibawings/,https://www.facebook.com/shibawingsAUS/?show_switched_toast=0&show_invite_to_follow=0&show_switched_tooltip=0&show_podcast_settings=0&show_community_review_changes=0&show_community_rollback=0&show_follower_visibility_disclosure=0,,https://shibawings.com.au/,0.0,0,012 Cavill Avenue Surfers Paradise,https://www.google.com/maps/search/?api=1&query=Shiba+Wings+-++Scammers+Closed+Shop+012+Cavill+Avenue+Surfers+Paradise,osm:node/11764140605
67,A,The Witch Hotel,bar or pub,Ipswich,security certificate error (browsers warn visitors away),,https://www.facebook.com/thewitchhotel/,+61 7 3812 1113,https://www.witchhotel.com/,0.0,0,254 Brisbane Street,https://www.google.com/maps/search/?api=1&query=The+Witch+Hotel+254+Brisbane+Street,osm:node/13637422655
67,A,Westbrook Tavern,bar or pub,Toowoomba,security certificate error (browsers warn visitors away),,https://www.facebook.com/westbrooktavern,,https://www.westbrooktavern.com.au/,0.0,0,68-78 Main Street Westbrook,https://www.google.com/maps/search/?api=1&query=Westbrook+Tavern+68-78+Main+Street+Westbrook,osm:way/176727098
67,A,Black Temple,tattoo studio,Townsville,security certificate error (browsers warn visitors away),https://www.instagram.com/blacktempletattootsv,https://www.facebook.com/blacktempletattootownsville,+61 435 822 760,https://blacktempletattoo.com.au,0.0,0,,https://www.google.com/maps/search/?api=1&query=Black+Temple,osm:node/10789661175
62,A,RJH Electrical,trades,Sunshine Coast,no HTTPS (browser shows 'Not secure'); looks outdated (copyright 2015); slow to load (3.3s),,https://www.facebook.com/SunshineCoastElectrician1,+61 448 960 299,http://www.rjhelectrical.com.au/,0.0,0,,https://www.google.com/maps/search/?api=1&query=RJH+Electrical,osm:node/9766045750
58,B,Embroidery Queen,boutique,Brisbane,no HTTPS (browser shows 'Not secure'); not mobile-friendly (no viewport tag),https://www.instagram.com/embroideryqueenau,https://www.facebook.com/EmbroideryQueens,+61 422 597 294,http://www.embroideryqueen.com.au/,0.0,0,,https://www.google.com/maps/search/?api=1&query=Embroidery+Queen,osm:node/10246022829
58,B,Proactive Coaching,allied health,Brisbane,no HTTPS (browser shows 'Not secure'); not mobile-friendly (no viewport tag),,https://www.facebook.com/lindsay.trims,+61 411 036 297,http://proactivecoaching.net/,0.0,0,288 Dawson Parade Arana Hills,https://www.google.com/maps/search/?api=1&query=Proactive+Coaching+288+Dawson+Parade+Arana+Hills,osm:node/12090188674
58,B,Av-A-Chat Cafe,cafe,Brisbane,"no website listed, only social media (verify on Google Maps)",,https://www.facebook.com/vietnameseavachatcafe/,,,0.0,0,,https://www.google.com/maps/search/?api=1&query=Av-A-Chat+Cafe,osm:node/375807944
58,B,Croix Croissant,cafe,Brisbane,"no website listed, only social media (verify on Google Maps)",https://www.instagram.com/croixssant.bne,,,,0.0,0,68 Commercial Road,https://www.google.com/maps/search/?api=1&query=Croix+Croissant+68+Commercial+Road,osm:node/2517306125
58,B,Blue Poppy,cafe,Brisbane,"no website listed, only social media (verify on Google Maps)",,http://facebook.com/thebluepoppy/,,,0.0,0,32 Asquith Street,https://www.google.com/maps/search/?api=1&query=Blue+Poppy+32+Asquith+Street,osm:node/3994876142
58,B,York St Espresso Bar,cafe,Brisbane,"no website listed, only social media (verify on Google Maps)",,https://www.facebook.com/yorkstreetespressobar/,+61 433 463 420,,0.0,0,83 York Street Nundah,https://www.google.com/maps/search/?api=1&query=York+St+Espresso+Bar+83+York+Street+Nundah,osm:node/5142262303
58,B,Vito's Cucina & Bar Ascot,cafe,Brisbane,"no website listed, only social media (verify on Google Maps)",,https://www.facebook.com/vitosascot/,,,0.0,0,188 Nudgee Road Ascot,https://www.google.com/maps/search/?api=1&query=Vito%27s+Cucina+%26+Bar+Ascot+188+Nudgee+Road+Ascot,osm:node/6364769860
58,B,Mean Beanz Espresso,cafe,Brisbane,"no website listed, only social media (verify on Google Maps)",,https://www.facebook.com/MeanBeanzEspresso,,,0.0,0,60 Blamey Street Kelvin Grove,https://www.google.com/maps/search/?api=1&query=Mean+Beanz+Espresso+60+Blamey+Street+Kelvin+Grove,osm:node/6389769199
58,B,Nurse Station Coffee and Juice Bar,cafe,Brisbane,"no website listed, only social media (verify on Google Maps)",https://www.instagram.com/nursestationcafe,https://www.facebook.com/nursestationcafe,+61 7 3010 5722,,0.0,0,,https://www.google.com/maps/search/?api=1&query=Nurse+Station+Coffee+and+Juice+Bar,osm:node/6649838306
58,B,Doc Brown,cafe,Brisbane,"no website listed, only social media (verify on Google Maps)",,https://www.facebook.com/docbrowncafe,,,0.0,0,,https://www.google.com/maps/search/?api=1&query=Doc+Brown,osm:node/6897256151
58,B,Upbeat,cafe,Brisbane,"no website listed, only social media (verify on Google Maps)",https://www.instagram.com/upbeat.cafe_/,https://www.facebook.com/people/Upbeat-Cafe/61578887307099/,,,0.0,0,,https://www.google.com/maps/search/?api=1&query=Upbeat,osm:node/7940317715
58,B,Laneway 86,cafe,Brisbane,"no website listed, only social media (verify on Google Maps)",https://www.instagram.com/laneway86/,,,,0.0,0,,https://www.google.com/maps/search/?api=1&query=Laneway+86,osm:node/9263386994
58,B,Mow and Co.,cafe,Brisbane,"no website listed, only social media (verify on Google Maps)",https://www.instagram.com/hellomowandco/,,,,0.0,0,,https://www.google.com/maps/search/?api=1&query=Mow+and+Co.,osm:node/9687104608
58,B,Fiddle Leaf,cafe,Brisbane,"no website listed, only social media (verify on Google Maps)",,https://www.facebook.com/fiddleleafbrisbane,+61 7 3902 1361,,0.0,0,7 Corio Street Bulimba,https://www.google.com/maps/search/?api=1&query=Fiddle+Leaf+7+Corio+Street+Bulimba,osm:node/9702934458
58,B,Pure Shot Cafe,cafe,Brisbane,"no website listed, only social media (verify on Google Maps)",,https://www.facebook.com/pureshotcafe,,,0.0,0,28 Doherty Street Brendale,https://www.google.com/maps/search/?api=1&query=Pure+Shot+Cafe+28+Doherty+Street+Brendale,osm:node/9903331792
58,B,Sips O'clock,cafe,Brisbane,"no website listed, only social media (verify on Google Maps)",https://www.instagram.com/sipsoclock/,,,,0.0,0,75 Grey Street South Brisbane,https://www.google.com/maps/search/?api=1&query=Sips+O%27clock+75+Grey+Street+South+Brisbane,osm:node/10001812941
58,B,The Baristorian,cafe,Brisbane,"no website listed, only social media (verify on Google Maps)",,https://www.facebook.com/TheBaristorian/,,,0.0,0,165 Main Avenue,https://www.google.com/maps/search/?api=1&query=The+Baristorian+165+Main+Avenue,osm:node/10836721188
58,B,Death Star Canteen,cafe,Brisbane,"no website listed, only social media (verify on Google Maps)",https://instagram.com/deathstarbrisbane,https://facebook.com/deathstarcanteenbrisbane/,,,0.0,0,,https://www.google.com/maps/search/?api=1&query=Death+Star+Canteen,osm:node/10897848650
58,B,POD Espresso,cafe,Brisbane,"no website listed, only social media (verify on Google Maps)",,https://www.facebook.com/podespresso/,+61 435 273 186,,0.0,0,275 Stafford Road Stafford,https://www.google.com/maps/search/?api=1&query=POD+Espresso+275+Stafford+Road+Stafford,osm:node/11092838537
58,B,Make My Day,cafe,Brisbane,"no website listed, only social media (verify on Google Maps)",https://www.instagram.com/makemyday.cafe,,,,0.0,0,3c Gibbon Street,https://www.google.com/maps/search/?api=1&query=Make+My+Day+3c+Gibbon+Street,osm:node/12475184494
58,B,La Familia Espesso Bar,cafe,Brisbane,"no website listed, only social media (verify on Google Maps)",,https://www.facebook.com/lafamiliacoffeeco,+61 434 901 366,,0.0,0,20 Minimine Street,https://www.google.com/maps/search/?api=1&query=La+Familia+Espesso+Bar+20+Minimine+Street,osm:node/12714931559
58,B,I DO,cafe,Brisbane,"no website listed, only social media (verify on Google Maps)",https://www.instagram.com/idocafe_auchenflower,,+61 493 713 688,,0.0,0,28 Grimes Street Auchenflower,https://www.google.com/maps/search/?api=1&query=I+DO+28+Grimes+Street+Auchenflower,osm:node/12993513396
58,B,Studio Solo and Co,cafe,Brisbane,"no website listed, only social media (verify on Google Maps)",,https://www.facebook.com/p/Studio-Solo-Co-100063505363434/,,,0.0,0,20 Nellie Street Nundah,https://www.google.com/maps/search/?api=1&query=Studio+Solo+and+Co+20+Nellie+Street+Nundah,osm:node/13164289071
58,B,Double Maker Coffee,cafe,Brisbane,"no website listed, only social media (verify on Google Maps)",,https://www.facebook.com/DoubleMakerCoffee,,,0.0,0,126 Margaret Street,https://www.google.com/maps/search/?api=1&query=Double+Maker+Coffee+126+Margaret+Street,osm:node/13300720301
58,B,Zmirk Co.,cafe,Brisbane,"no website listed, only social media (verify on Google Maps)",https://www.instagram.com/zmirk.bne,,,,0.0,0,220 Annerley Road,https://www.google.com/maps/search/?api=1&query=Zmirk+Co.+220+Annerley+Road,osm:node/13476127601
58,B,Manka Cafe,cafe,Brisbane,"no website listed, only social media (verify on Google Maps)",https://www.instagram.com/manka_cafe,,,,0.0,0,,https://www.google.com/maps/search/?api=1&query=Manka+Cafe,osm:node/13687480301
58,B,Orange Tea Brisbane One,cafe,Brisbane,"no website listed, only social media (verify on Google Maps)",,https://www.facebook.com/OrangeTeaAustralia,+61 413 871 636,,0.0,0,Peel Street,https://www.google.com/maps/search/?api=1&query=Orange+Tea+Brisbane+One+Peel+Street,osm:node/13921873501
58,B,Snug Cafe,cafe,Brisbane,"no website listed, only social media (verify on Google Maps)",https://www.instagram.com/snug.bne,,,,0.0,0,321 Chatsworth Road,https://www.google.com/maps/search/?api=1&query=Snug+Cafe+321+Chatsworth+Road,osm:node/13982239304
58,B,Augustus Espresso,cafe,Brisbane,"no website listed, only social media (verify on Google Maps)",,https://www.facebook.com/Augustus.Espresso/,+61 7 3902 0025,,0.0,0,140 Oxford Street Bulimba,https://www.google.com/maps/search/?api=1&query=Augustus+Espresso+140+Oxford+Street+Bulimba,osm:way/490615377
58,B,Abode Cafe,cafe,Brisbane,"no website listed, only social media (verify on Google Maps)",,https://www.facebook.com/abodeonHillsdon,+61 7 3371 9874,,0.0,0,,https://www.google.com/maps/search/?api=1&query=Abode+Cafe,osm:way/589457014
58,B,Le Cafe Ashgrove,cafe,Brisbane,"no website listed, only social media (verify on Google Maps)",,https://www.facebook.com/Lecafeashgrove/,+61 7 3366 6234,,0.0,0,486 Waterworks Road Ashgrove,https://www.google.com/maps/search/?api=1&query=Le+Cafe+Ashgrove+486+Waterworks+Road+Ashgrove,osm:way/864923427
58,B,Farmhouse Cafe,cafe,Brisbane,"no website listed, only social media (verify on Google Maps)",https://www.instagram.com/FARMHOUSEKEDRON,https://www.facebook.com/farmhousekedron/,+61 7 3861 1956,,0.0,0,9 Somerset Road Kedron,https://www.google.com/maps/search/?api=1&query=Farmhouse+Cafe+9+Somerset+Road+Kedron,osm:way/1354064483
58,B,Snag & Brown,cafe,Brisbane,"no website listed, only social media (verify on Google Maps)",,https://www.facebook.com/snagandbrownannerley/,+61 7 3848 8139,,0.0,0,97 Ekibin Road Annerley,https://www.google.com/maps/search/?api=1&query=Snag+%26+Brown+97+Ekibin+Road+Annerley,osm:way/1374625114
58,B,Ben's Burgers,restaurant,Brisbane,"no website listed, only social media (verify on Google Maps)",,https://www.facebook.com/bensburgers,,,0.0,0,5 Winn Street Fortitude Valley,https://www.google.com/maps/search/?api=1&query=Ben%27s+Burgers+5+Winn+Street+Fortitude+Valley,osm:node/3006093581
58,B,Wara Wara,restaurant,Brisbane,"no website listed, only social media (verify on Google Maps)",,https://www.facebook.com/warawarabrisbane,,,0.0,0,153 Elizabeth Street,https://www.google.com/maps/search/?api=1&query=Wara+Wara+153+Elizabeth+Street,osm:node/3128715411
58,B,Buncha Buncha,restaurant,Brisbane,"no website listed, only social media (verify on Google Maps)",,https://m.facebook.com/BunchaBunchaQLD/,,,0.0,0,405 Logan Road Stones Corner,https://www.google.com/maps/search/?api=1&query=Buncha+Buncha+405+Logan+Road+Stones+Corner,osm:node/5695593668
58,B,Stickybeak,restaurant,Brisbane,"no website listed, only social media (verify on Google Maps)",https://www.instagram.com/Stickybeakwinebar,,,,0.0,0,,https://www.google.com/maps/search/?api=1&query=Stickybeak,osm:node/5809757608
58,B,Asia Canteen,restaurant,Brisbane,"no website listed, only social media (verify on Google Maps)",,https://www.facebook.com/people/Asia-Canteen/100063772110992/,+61 7 3351 0668,,0.0,0,1 Patricks Road Arana Hills,https://www.google.com/maps/search/?api=1&query=Asia+Canteen+1+Patricks+Road+Arana+Hills,osm:node/6415407710
58,B,Latin Manna,restaurant,Brisbane,"no website listed, only social media (verify on Google Maps)",,https://www.facebook.com/LATIN.MANNA,+61 414 769 609,,0.0,0,,https://www.google.com/maps/search/?api=1&query=Latin+Manna,osm:node/9046547293
58,B,Passion Sushi,restaurant,Brisbane,"no website listed, only social media (verify on Google Maps)",,https://www.facebook.com/passionsushi.com.au,,,0.0,0,329 Gardner Road Rochedale,https://www.google.com/maps/search/?api=1&query=Passion+Sushi+329+Gardner+Road+Rochedale,osm:node/11989921373
58,B,Nekoland Ramen & Bar,restaurant,Brisbane,"no website listed, only social media (verify on Google Maps)",https://www.instagram.com/nekoland.westend,,+61 414 771 918,,0.0,0,120 Boundary Street,https://www.google.com/maps/search/?api=1&query=Nekoland+Ramen+%26+Bar+120+Boundary+Street,osm:node/13897886001
58,B,Ho Choi,restaurant,Brisbane,"no website listed, only social media (verify on Google Maps)",,https://www.facebook.com/p/Ho-Choi-Licensed-Restaurant-100040303334335/,+61 7 3848 3785,,0.0,0,204 Beaudesert Road Moorooka,https://www.google.com/maps/search/?api=1&query=Ho+Choi+204+Beaudesert+Road+Moorooka,osm:way/953265228
58,B,The White House Waterford,restaurant,Brisbane,"no website listed, only social media (verify on Google Maps)",,https://www.facebook.com/The Whitehouse Waterford,,,0.0,0,9-11 Nerang Street Waterford,https://www.google.com/maps/search/?api=1&query=The+White+House+Waterford+9-11+Nerang+Street+Waterford,osm:way/1322772515
58,B,Red Hill Seafoods,takeaway,Brisbane,"no website listed, only social media (verify on Google Maps)",,https://www.facebook.com/RedHillSeafood,+61 7 3369 1424,,0.0,0,22 Enoggera Terrace Red Hill,https://www.google.com/maps/search/?api=1&query=Red+Hill+Seafoods+22+Enoggera+Terrace+Red+Hill,osm:node/324565046
58,B,Nessie's Fish Bite,takeaway,Brisbane,"no website listed, only social media (verify on Google Maps)",,http://www.facebook.com/nessiesfishbite,+61 7 3491 8838,,0.0,0,14-18 Discovery Drive,https://www.google.com/maps/search/?api=1&query=Nessie%27s+Fish+Bite+14-18+Discovery+Drive,osm:node/1201407946
58,B,Lily & Lala Kebab,takeaway,Brisbane,"no website listed, only social media (verify on Google Maps)",,https://www.facebook.com/people/LilyLalas-Kebab/61568934639796/,,,0.0,0,,https://www.google.com/maps/search/?api=1&query=Lily+%26+Lala+Kebab,osm:node/5589516582
58,B,Clove,takeaway,Brisbane,"no website listed, only social media (verify on Google Maps)",,https://facebook.com/pages/category/Restaurant/CLOVE-WEST-END-107877521487899/,,,0.0,0,,https://www.google.com/maps/search/?api=1&query=Clove,osm:node/8868180944
58,B,Mount Cotton Seafood,takeaway,Brisbane,"no website listed, only social media (verify on Google Maps)",,https://www.facebook.com/mountcottonseafood,,,0.0,0,101 Valley Way Mount Cotton,https://www.google.com/maps/search/?api=1&query=Mount+Cotton+Seafood+101+Valley+Way+Mount+Cotton,osm:node/9921086904
58,B,King of the Wings,takeaway,Brisbane,"no website listed, only social media (verify on Google Maps)",,https://www.facebook.com/kingofthewingsbrisbane/,+61 7 3607 2032,,0.0,0,240 Stafford Road Stafford,https://www.google.com/maps/search/?api=1&query=King+of+the+Wings+240+Stafford+Road+Stafford,osm:node/11092616941
58,B,Rocklea Kebab and Pizza,takeaway,Brisbane,"no website listed, only social media (verify on Google Maps)",,https://www.facebook.com/RockleaKebabandpizza/,+61 7 3162 2670,,0.0,0,,https://www.google.com/maps/search/?api=1&query=Rocklea+Kebab+and+Pizza,osm:node/13058813691
58,B,The Deck,takeaway,Brisbane,"no website listed, only social media (verify on Google Maps)",,https://www.facebook.com/thedecktakeawayfood/,,,0.0,0,3 Currumbin Court Capalaba,https://www.google.com/maps/search/?api=1&query=The+Deck+3+Currumbin+Court+Capalaba,osm:node/13179363368
58,B,Suburban Social,bar or pub,Brisbane,"no website listed, only social media (verify on Google Maps)",,https://www.facebook.com/SuburbanSocialNeighbourhoodBarandKitchen/,,,0.0,0,,https://www.google.com/maps/search/?api=1&query=Suburban+Social,osm:node/5219078277
58,B,Maker,bar or pub,Brisbane,"no website listed, only social media (verify on Google Maps)",https://www.instagram.com/makerbrisbane/,,,,0.0,0,9 Fish Lane South Brisbane,https://www.google.com/maps/search/?api=1&query=Maker+9+Fish+Lane+South+Brisbane,osm:node/13161605383
58,B,88 BILLIARDS,bar or pub,Brisbane,"no website listed, only social media (verify on Google Maps)",https://www.instagram.com/88billiards,,+61 416 253 407,,0.0,0,115 Boundary Street,https://www.google.com/maps/search/?api=1&query=88+BILLIARDS+115+Boundary+Street,osm:node/13207988601
58,B,Bar Cooper's,bar or pub,Brisbane,"no website listed, only social media (verify on Google Maps)",https://www.instagram.com/barcoopers.bne,,,,0.0,0,321 Chatsworth Road,https://www.google.com/maps/search/?api=1&query=Bar+Cooper%27s+321+Chatsworth+Road,osm:node/13984675501
58,B,Stafford Tavern,bar or pub,Brisbane,"no website listed, only social media (verify on Google Maps)",,https://www.facebook.com/thestaffordtavern,+61 7 3513 2100,,0.0,0,51 Webster Road Stafford,https://www.google.com/maps/search/?api=1&query=Stafford+Tavern+51+Webster+Road+Stafford,osm:way/1204311827
58,B,Kenmore Village Bakery,bakery,Brisbane,"no website listed, only social media (verify on Google Maps)",,https://www.facebook.com/kenmorebakery/,,,0.0,0,,https://www.google.com/maps/search/?api=1&query=Kenmore+Village+Bakery,osm:node/5589513493
58,B,Mount Cotton Sourdough Bakers,bakery,Brisbane,"no website listed, only social media (verify on Google Maps)",,https://www.facebook.com/Mountcottonsourdoughbakers/,,,0.0,0,101 Valley Way Mount Cotton,https://www.google.com/maps/search/?api=1&query=Mount+Cotton+Sourdough+Bakers+101+Valley+Way+Mount+Cotton,osm:node/9921086905
58,B,Mountview Bakehouse,bakery,Brisbane,"no website listed, only social media (verify on Google Maps)",,https://www.facebook.com/mountviewbakehouse/,,,0.0,0,171-191 School Road Redbank Plains,https://www.google.com/maps/search/?api=1&query=Mountview+Bakehouse+171-191+School+Road+Redbank+Plains,osm:node/11902802779
58,B,Mum's Bakehouse,bakery,Brisbane,"no website listed, only social media (verify on Google Maps)",,https://www.facebook.com/kedronmumsbakehouse/?_rdr,+61 403 998 838,,0.0,0,206 Gympie Road Kedron,https://www.google.com/maps/search/?api=1&query=Mum%27s+Bakehouse+206+Gympie+Road+Kedron,osm:way/1368011096
58,B,Stranz Hair Design,barber or hairdresser,Brisbane,"no website listed, only social media (verify on Google Maps)",,https://www.facebook.com/stranzhairdesignbulimba/,+61 7 3399 7699,,0.0,0,141 Oxford Street Bulimba,https://www.google.com/maps/search/?api=1&query=Stranz+Hair+Design+141+Oxford+Street+Bulimba,osm:node/4828066569
58,B,Jules & Ginger,barber or hairdresser,Brisbane,"no website listed, only social media (verify on Google Maps)",,https://www.facebook.com/julesandginger,,,0.0,0,135 Riding Road Hawthorne,https://www.google.com/maps/search/?api=1&query=Jules+%26+Ginger+135+Riding+Road+Hawthorne,osm:node/4933723753
58,B,Jack's Barber,barber or hairdresser,Brisbane,"no website listed, only social media (verify on Google Maps)",,https://www.facebook.com/jacksbarber4171,+61 7 3399 9900,,0.0,0,135 Riding Road Hawthorne,https://www.google.com/maps/search/?api=1&query=Jack%27s+Barber+135+Riding+Road+Hawthorne,osm:node/4933723755
58,B,Saba Hair Studio,barber or hairdresser,Brisbane,"no website listed, only social media (verify on Google Maps)",,https://www.facebook.com/people/Saba-hair-studio/100083090384553/,,,0.0,0,,https://www.google.com/maps/search/?api=1&query=Saba+Hair+Studio,osm:node/5795068049
58,B,Charlie Parrella Hairdresser,barber or hairdresser,Brisbane,"no website listed, only social media (verify on Google Maps)",,https://www.facebook.com/483499168383610,+61 424 039 183,,0.0,0,2 Manson Road,https://www.google.com/maps/search/?api=1&query=Charlie+Parrella+Hairdresser+2+Manson+Road,osm:node/6267178656
58,B,MC Barbers,barber or hairdresser,Brisbane,"no website listed, only social media (verify on Google Maps)",,https://www.facebook.com/Mcbarbers2021,,,0.0,0,101 Valley Way Mount Cotton,https://www.google.com/maps/search/?api=1&query=MC+Barbers+101+Valley+Way+Mount+Cotton,osm:node/9921086901
58,B,Hair to be,barber or hairdresser,Brisbane,"no website listed, only social media (verify on Google Maps)",https://www.instagram.com/hairtobeaustralia/,,+61 7 3134 2526,,0.0,0,195 Vienna Road Alexandra Hills,https://www.google.com/maps/search/?api=1&query=Hair+to+be+195+Vienna+Road+Alexandra+Hills,osm:node/11905577621
58,B,OU Hair,barber or hairdresser,Brisbane,"no website listed, only social media (verify on Google Maps)",https://www.instagram.com/ouhair_rochedale/?hl=en,https://www.facebook.com/ouhairRochedale,,,0.0,0,329 Gardner Road Rochedale,https://www.google.com/maps/search/?api=1&query=OU+Hair+329+Gardner+Road+Rochedale,osm:node/11989921371
58,B,The Secret Hair Color,barber or hairdresser,Brisbane,"no website listed, only social media (verify on Google Maps)",,https://www.facebook.com/thesecrethaircolor/,+61 422 522 311,,0.0,0,,https://www.google.com/maps/search/?api=1&query=The+Secret+Hair+Color,osm:node/12150804314
58,B,Eddy’s Barber Shop,barber or hairdresser,Brisbane,"no website listed, only social media (verify on Google Maps)",,https://www.facebook.com/Moorooka/,,,0.0,0,204 Beaudesert Road Moorooka,https://www.google.com/maps/search/?api=1&query=Eddy%E2%80%99s+Barber+Shop+204+Beaudesert+Road+Moorooka,osm:node/12372600576
58,B,Hikari Hair Studio,barber or hairdresser,Brisbane,"no website listed, only social media (verify on Google Maps)",,https://www.facebook.com/hikarihairstudio,,,0.0,0,85 Mawson Street Stafford Heights,https://www.google.com/maps/search/?api=1&query=Hikari+Hair+Studio+85+Mawson+Street+Stafford+Heights,osm:node/13079620655
58,B,Brookfield Hair Studio,barber or hairdresser,Brisbane,"no website listed, only social media (verify on Google Maps)",,https://www.facebook.com/brookfieldhairstudio,+61 7 3374 1088,,0.0,0,,https://www.google.com/maps/search/?api=1&query=Brookfield+Hair+Studio,osm:way/638684219
58,B,Kaija Hairdresser,barber or hairdresser,Brisbane,"no website listed, only social media (verify on Google Maps)",,https://www.facebook.com/p/Kaija-hairdressing-make-up--100054313728630/,+61 414 568 084,,0.0,0,64 Park Road Wooloowin,https://www.google.com/maps/search/?api=1&query=Kaija+Hairdresser+64+Park+Road+Wooloowin,osm:way/1217435820
58,B,Isabis Hair,beauty salon,Brisbane,"no website listed, only social media (verify on Google Maps)",,https://www.facebook.com/isabishair,,,0.0,0,82 Leicester Street Coorparoo,https://www.google.com/maps/search/?api=1&query=Isabis+Hair+82+Leicester+Street+Coorparoo,osm:node/360140481
58,B,Satisfied Nail,beauty salon,Brisbane,"no website listed, only social media (verify on Google Maps)",,https://www.facebook.com/satisfiednail/,,,0.0,0,,https://www.google.com/maps/search/?api=1&query=Satisfied+Nail,osm:node/8855479907
58,B,9889 Nails and Beauty,beauty salon,Brisbane,"no website listed, only social media (verify on Google Maps)",,https://www.facebook.com/9889nailsandbeauty,,,0.0,0,101 Valley Way Mount Cotton,https://www.google.com/maps/search/?api=1&query=9889+Nails+and+Beauty+101+Valley+Way+Mount+Cotton,osm:node/9921086900
58,B,Nails59,beauty salon,Brisbane,"no website listed, only social media (verify on Google Maps)",https://www.instagram.com/nails59_rochedale/,,+61 424 399 993,,0.0,0,329 Gardner Road Rochedale,https://www.google.com/maps/search/?api=1&query=Nails59+329+Gardner+Road+Rochedale,osm:node/11989921370
58,B,T Massage,massage or spa,Brisbane,"no website listed, only social media (verify on Google Maps)",,https://www.facebook.com/T-Massage-100679675602823/,,,0.0,0,,https://www.google.com/maps/search/?api=1&query=T+Massage,osm:node/8855479908
58,B,Soul Thai Massage,massage or spa,Brisbane,"no website listed, only social media (verify on Google Maps)",,https://www.facebook.com/profile.php?id=100086356354712,,,0.0,0,329 Gardner Road Rochedale,https://www.google.com/maps/search/?api=1&query=Soul+Thai+Massage+329+Gardner+Road+Rochedale,osm:node/11989921377
58,B,Massage Health Centre,massage or spa,Brisbane,"no website listed, only social media (verify on Google Maps)",,https://www.facebook.com/MassagehealthcentreHamilton/?_rdr,+61 7 3122 1767,,0.0,0,33 Racecourse Road Hamilton,https://www.google.com/maps/search/?api=1&query=Massage+Health+Centre+33+Racecourse+Road+Hamilton,osm:node/12644688371
58,B,Flowers by Louise,florist,Brisbane,"no website listed, only social media (verify on Google Maps)",,https://www.facebook.com/Flowers-by-Louise-Inspired-by-you-113504464161306/,+61 485 093 748,,0.0,0,5 Stanley Street Acacia Ridge,https://www.google.com/maps/search/?api=1&query=Flowers+by+Louise+5+Stanley+Street+Acacia+Ridge,osm:node/6283756210
58,B,Wedding N Florist,florist,Brisbane,"no website listed, only social media (verify on Google Maps)",,https://www.facebook.com/profile.php?id=100066631573794,+61 7 3206 4254,,0.0,0,58 Boundary Road Thornlands,https://www.google.com/maps/search/?api=1&query=Wedding+N+Florist+58+Boundary+Road+Thornlands,osm:node/12700748159
58,B,Brandons Shoe Repairs,boutique,Brisbane,"no website listed, only social media (verify on Google Maps)",,https://www.facebook.com/people/Brandons-Shoe-Repairs/100057123895028/,+61 7 3848 1856,,0.0,0,,https://www.google.com/maps/search/?api=1&query=Brandons+Shoe+Repairs,osm:node/456713101
58,B,Etcetera Leisure Plus,boutique,Brisbane,"no website listed, only social media (verify on Google Maps)",,https://www.facebook.com/people/Etcetera-Leisure-Plus/61550838810039/,,,0.0,0,,https://www.google.com/maps/search/?api=1&query=Etcetera+Leisure+Plus,osm:node/5589512164
58,B,Studio M by Margarita,boutique,Brisbane,"no website listed, only social media (verify on Google Maps)",,https://www.facebook.com/StudioMbyMargarita,,,0.0,0,,https://www.google.com/maps/search/?api=1&query=Studio+M+by+Margarita,osm:node/5589512167
58,B,Palmbee Capalaba HQ,boutique,Brisbane,"no website listed, only social media (verify on Google Maps)",https://www.instagram.com/palmbeeaustralia,https://www.facebook.com/palmbeexx,+61 434 066 266,,0.0,0,91 Redland Bay Road Capalaba,https://www.google.com/maps/search/?api=1&query=Palmbee+Capalaba+HQ+91+Redland+Bay+Road+Capalaba,osm:node/11597924859
58,B,Delight for Gifts,gift or homewares,Brisbane,"no website listed, only social media (verify on Google Maps)",,https://www.facebook.com/people/Delight-For-Gifts/100065206801946/,,,0.0,0,,https://www.google.com/maps/search/?api=1&query=Delight+for+Gifts,osm:node/5589514644
58,B,VIS,gift or homewares,Brisbane,"no website listed, only social media (verify on Google Maps)",https://www.instagram.com/visgiftshop/?hl=en,,,,0.0,0,,https://www.google.com/maps/search/?api=1&query=VIS,osm:node/6295526991
58,B,Our Sun Room,gift or homewares,Brisbane,"no website listed, only social media (verify on Google Maps)",,https://www.facebook.com/oursunroom/,,,0.0,0,498 Waterworks Road Ashgrove,https://www.google.com/maps/search/?api=1&query=Our+Sun+Room+498+Waterworks+Road+Ashgrove,osm:way/864923425
58,B,Aloha Hound,pet business,Brisbane,"no website listed, only social media (verify on Google Maps)",,https://m.facebook.com/alohahound/,+61 493 449 752,,0.0,0,,https://www.google.com/maps/search/?api=1&query=Aloha+Hound,osm:node/10245952703
58,B,Redlands Produce,pet business,Brisbane,"no website listed, only social media (verify on Google Maps)",,https://www.facebook.com/RedlandsProduce/,+61 7 3206 0069,,0.0,0,87 Boundary Road Thornlands,https://www.google.com/maps/search/?api=1&query=Redlands+Produce+87+Boundary+Road+Thornlands,osm:way/875752668
58,B,Inksane,tattoo studio,Brisbane,"no website listed, only social media (verify on Google Maps)",,https://facebook.com/inksanetattooqld/,+61 7 3172 6331,,0.0,0,199 Progress Road,https://www.google.com/maps/search/?api=1&query=Inksane+199+Progress+Road,osm:node/7281695685
58,B,Voodoo Tattoo,tattoo studio,Brisbane,"no website listed, only social media (verify on Google Maps)",,https://www.facebook.com/Voodoo-Tattoo-193688920647994/,+61 7 3801 2912,,0.0,0,,https://www.google.com/maps/search/?api=1&query=Voodoo+Tattoo,osm:node/10245966019
58,B,Stafford Tattoo,tattoo studio,Brisbane,"no website listed, only social media (verify on Google Maps)",,https://www.facebook.com/st.tattoos/,+61 7 3357 6696,,0.0,0,259 Stafford Road Stafford,https://www.google.com/maps/search/?api=1&query=Stafford+Tattoo+259+Stafford+Road+Stafford,osm:node/11090963678
58,B,Save Point Tattoo,tattoo studio,Brisbane,"no website listed, only social media (verify on Google Maps)",,https://www.facebook.com/savepointtattoo,+61 434 644 034,,0.0,0,645 Wynnum Road Morningside,https://www.google.com/maps/search/?api=1&query=Save+Point+Tattoo+645+Wynnum+Road+Morningside,osm:node/13298868826
58,B,Sonja Griffioen - Newborn Photography,photographer,Brisbane,"no website listed, only social media (verify on Google Maps)",,https://www.facebook.com/sonjagriffioen.newborns/,+61 426 987 722,,0.0,0,8 Majestic Crescent Hemmant,https://www.google.com/maps/search/?api=1&query=Sonja+Griffioen+-+Newborn+Photography+8+Majestic+Crescent+Hemmant,osm:node/11709420493
58,B,Meadowbrook Early Learning Centre,childcare,Brisbane,"no website listed, only social media (verify on Google Maps)",,https://www.facebook.com/meadowbrookelc/,,,0.0,0,,https://www.google.com/maps/search/?api=1&query=Meadowbrook+Early+Learning+Centre,osm:way/1243594920
58,B,Tiny Tots Physiotherapy - Kathryn Shutt,physiotherapist,Brisbane,"no website listed, only social media (verify on Google Maps)",,https://www.facebook.com/profile.php?id=100044607326097,+61 402 092 729,,0.0,0,33 Woodlands Drive Thornlands,https://www.google.com/maps/search/?api=1&query=Tiny+Tots+Physiotherapy+-+Kathryn+Shutt+33+Woodlands+Drive+Thornlands,osm:node/12700748167
58,B,KJ Safety Certificates/Roadworthy Certificates,mechanic,Brisbane,"no website listed, only social media (verify on Google Maps)",,https://facebook.com/kjsafetycertificates/,+61 490 801 133,,0.0,0,1 Possum Court,https://www.google.com/maps/search/?api=1&query=KJ+Safety+Certificates%2FRoadworthy+Certificates+1+Possum+Court,osm:node/8357331532
58,B,Sam Auto Care,mechanic,Brisbane,"no website listed, only social media (verify on Google Maps)",,https://www.facebook.com/p/Sam-Auto-Care-100075669889000/,+61 432 798 206,,0.0,0,,https://www.google.com/maps/search/?api=1&query=Sam+Auto+Care,osm:node/9302551688
58,B,Monster Tyres,mechanic,Brisbane,"no website listed, only social media (verify on Google Maps)",,https://www.facebook.com/people/Monster-Tyres/100095017035749/,+61 428 990 798,,0.0,0,26 Mining Street Bundamba,https://www.google.com/maps/search/?api=1&query=Monster+Tyres+26+Mining+Street+Bundamba,osm:node/12621638554
58,B,Microlot Coffee House,deli or specialty food,Brisbane,"no website listed, only social media (verify on Google Maps)",,https://www.facebook.com/pages/Microlot-Coffee-House/532108803616296,,,0.0,0,135 Riding Road Hawthorne,https://www.google.com/maps/search/?api=1&query=Microlot+Coffee+House+135+Riding+Road+Hawthorne,osm:node/4933723757
58,B,Biltong Deli,deli or specialty food,Brisbane,"no website listed, only social media (verify on Google Maps)",,https://www.facebook.com/SouthAfricanBiltongDeli/,,,0.0,0,2066 Moggill Road,https://www.google.com/maps/search/?api=1&query=Biltong+Deli+2066+Moggill+Road,osm:node/5231677655
58,B,Health & Nutrition,deli or specialty food,Brisbane,"no website listed, only social media (verify on Google Maps)",,https://www.facebook.com/people/Kenmore-Health-Nutrition/100063567670771/,,,0.0,0,,https://www.google.com/maps/search/?api=1&query=Health+%26+Nutrition,osm:node/5589512170
58,B,Kenmore Fresh,deli or specialty food,Brisbane,"no website listed, only social media (verify on Google Maps)",,https://www.facebook.com/kenmorefresh/,,,0.0,0,,https://www.google.com/maps/search/?api=1&query=Kenmore+Fresh,osm:node/5589514649
58,B,Greengrocers Pantry,deli or specialty food,Brisbane,"no website listed, only social media (verify on Google Maps)",,https://www.facebook.com/greengrocerspantry/,,,0.0,0,,https://www.google.com/maps/search/?api=1&query=Greengrocers+Pantry,osm:node/5681141101
58,B,Banyo Meat Service,deli or specialty food,Brisbane,"no website listed, only social media (verify on Google Maps)",,https://www.facebook.com/Banyo-meat-service-328382267317004/,,,0.0,0,,https://www.google.com/maps/search/?api=1&query=Banyo+Meat+Service,osm:node/6084356115
58,B,Bellas Fruit Market,deli or specialty food,Brisbane,"no website listed, only social media (verify on Google Maps)",,https://facebook.com/pages/Bellas-Fruit-Market/316006148423409,+61 7 3341 1095,,0.0,0,218 Padstow Road,https://www.google.com/maps/search/?api=1&query=Bellas+Fruit+Market+218+Padstow+Road,osm:node/6209801686
58,B,Nundah Fruit Market,deli or specialty food,Brisbane,"no website listed, only social media (verify on Google Maps)",,https://www.facebook.com/p/Nundah-Fruit-Market-61564367108912/,,,0.0,0,1558 Sandgate Road Nundah,https://www.google.com/maps/search/?api=1&query=Nundah+Fruit+Market+1558+Sandgate+Road+Nundah,osm:node/7736378992
58,B,Wavell Heights Gourmet Meats,deli or specialty food,Brisbane,"no website listed, only social media (verify on Google Maps)",,https://www.facebook.com/wavellgourmetmeats,,,0.0,0,216 Shaw Road Wavell Heights,https://www.google.com/maps/search/?api=1&query=Wavell+Heights+Gourmet+Meats+216+Shaw+Road+Wavell+Heights,osm:node/13142395959
58,B,Top Cut Butchery Quality Meats,deli or specialty food,Brisbane,"no website listed, only social media (verify on Google Maps)",,https://www.facebook.com/p/Top-Cut-Butcher-100064321140937/,+61 7 3133 2570,,0.0,0,North Road,https://www.google.com/maps/search/?api=1&query=Top+Cut+Butchery+Quality+Meats+North+Road,osm:node/14048130301
58,B,Alloway Farm Market,cafe,Bundaberg,"no website listed, only social media (verify on Google Maps)",,https://www.facebook.com/allowayfarm/,,,0.0,0,1 Alloway Siding Road,https://www.google.com/maps/search/?api=1&query=Alloway+Farm+Market+1+Alloway+Siding+Road,osm:node/13594656144
58,B,J-Elec Electrical Contractors,trades,Bundaberg,"no website listed, only social media (verify on Google Maps)",,https://www.facebook.com/jelecelectricalcontractors/,+61 7 4154 3421,,0.0,0,24 Burrum Street,https://www.google.com/maps/search/?api=1&query=J-Elec+Electrical+Contractors+24+Burrum+Street,osm:way/358901048
58,B,Teddy Espresso,cafe,Cairns,"no website listed, only social media (verify on Google Maps)",,https://www.facebook.com/teddyespresso.com.au/,,,0.0,0,,https://www.google.com/maps/search/?api=1&query=Teddy+Espresso,osm:node/13127356990
58,B,Tasty Road,restaurant,Cairns,"no website listed, only social media (verify on Google Maps)",,https://facebook.com/tastyroad,,,0.0,0,,https://www.google.com/maps/search/?api=1&query=Tasty+Road,osm:node/8610349107
58,B,Iron strength power and performance,gym or studio,Cairns,"no website listed, only social media (verify on Google Maps)",,https://www.facebook.com/ironstrengthpp/,+61 423 531 278,,0.0,0,268 Spence Street,https://www.google.com/maps/search/?api=1&query=Iron+strength+power+and+performance+268+Spence+Street,osm:node/4670362395
58,B,Profile Coffee Co-Lab,cafe,Gold Coast,"no website listed, only social media (verify on Google Maps)",https://www.instagram.com/profile_coffee_colab/,,,,0.0,0,,https://www.google.com/maps/search/?api=1&query=Profile+Coffee+Co-Lab,osm:node/4235007492
58,B,Daily Grind,cafe,Gold Coast,"no website listed, only social media (verify on Google Maps)",,https://www.facebook.com/dailygrindburleigh/,+61 449 075 032,,0.0,0,,https://www.google.com/maps/search/?api=1&query=Daily+Grind,osm:node/4251877402
58,B,Hide N Seek Espresso,cafe,Gold Coast,"no website listed, only social media (verify on Google Maps)",,https://www.facebook.com/hidenseekespresso13/,+61 447 593 827,,0.0,0,,https://www.google.com/maps/search/?api=1&query=Hide+N+Seek+Espresso,osm:node/4264019494
58,B,Street Corner Espresso,cafe,Gold Coast,"no website listed, only social media (verify on Google Maps)",,https://www.facebook.com/StreetCornerEspresso/,+61 7 5520 0886,,0.0,0,,https://www.google.com/maps/search/?api=1&query=Street+Corner+Espresso,osm:node/4501676689
58,B,Social Brew,cafe,Gold Coast,"no website listed, only social media (verify on Google Maps)",,https://www.facebook.com/socialbrewburleigh/,,,0.0,0,,https://www.google.com/maps/search/?api=1&query=Social+Brew,osm:node/4784378121
58,B,Quade & Co,cafe,Gold Coast,"no website listed, only social media (verify on Google Maps)",https://instagram.com/quadeandco,https://facebook.com/quadeandco,,,0.0,0,2098 Gold Coast Highway Miami,https://www.google.com/maps/search/?api=1&query=Quade+%26+Co+2098+Gold+Coast+Highway+Miami,osm:node/5199074934
58,B,Commune,cafe,Gold Coast,"no website listed, only social media (verify on Google Maps)",,https://www.facebook.com/Commune-188007077908552/,+61 7 5520 3377,,0.0,0,1844 Gold Coast Highway,https://www.google.com/maps/search/?api=1&query=Commune+1844+Gold+Coast+Highway,osm:node/5623291932
58,B,Café Biaggi,cafe,Gold Coast,"no website listed, only social media (verify on Google Maps)",,https://www.facebook.com/Cafe-Biaggi-110229862373489/,+61 7 5593 7072,,0.0,0,,https://www.google.com/maps/search/?api=1&query=Caf%C3%A9+Biaggi,osm:node/6131986011
58,B,BJ Snacks,cafe,Gold Coast,"no website listed, only social media (verify on Google Maps)",,https://www.facebook.com/Bjsnacksburleighheads/,+61 7 5593 5270,,0.0,0,,https://www.google.com/maps/search/?api=1&query=BJ+Snacks,osm:node/6175788370
58,B,See Yö Cafe & Bakery,cafe,Gold Coast,"no website listed, only social media (verify on Google Maps)",,https://www.facebook.com/marieanitas/,+61 7 5572 3224,,0.0,0,,https://www.google.com/maps/search/?api=1&query=See+Y%C3%B6+Cafe+%26+Bakery,osm:node/6275826949
58,B,The Kumara Patch,cafe,Gold Coast,"no website listed, only social media (verify on Google Maps)",,https://www.facebook.com/thekumarapatch/,+61 7 5539 4243,,0.0,0,,https://www.google.com/maps/search/?api=1&query=The+Kumara+Patch,osm:node/7087152249
58,B,The Treehouse,cafe,Gold Coast,"no website listed, only social media (verify on Google Maps)",,https://www.facebook.com/treehouseonthehill/,,,0.0,0,161 Long Road Tamborine Mountain,https://www.google.com/maps/search/?api=1&query=The+Treehouse+161+Long+Road+Tamborine+Mountain,osm:node/7706149767
58,B,Fresh Coffee Bar,cafe,Gold Coast,"no website listed, only social media (verify on Google Maps)",,https://www.facebook.com/FreshCoffeeBarVarsity/,+61 7 5580 8468,,0.0,0,,https://www.google.com/maps/search/?api=1&query=Fresh+Coffee+Bar,osm:node/9896592028
58,B,More Coffee Please,cafe,Gold Coast,"no website listed, only social media (verify on Google Maps)",,https://www.facebook.com/morecoffeepleasecafe/,+61 7 5536 7456,,0.0,0,,https://www.google.com/maps/search/?api=1&query=More+Coffee+Please,osm:node/11617879259
58,B,The Press Cafe,cafe,Gold Coast,"no website listed, only social media (verify on Google Maps)",,https://www.facebook.com/thepresscafecoomera/,+61 417 402 174,,0.0,0,25 Harbour Village Parade Coomera,https://www.google.com/maps/search/?api=1&query=The+Press+Cafe+25+Harbour+Village+Parade+Coomera,osm:node/12415099304
58,B,Third Base,cafe,Gold Coast,"no website listed, only social media (verify on Google Maps)",https://www.instagram.com/thirdbasepalmbeach/,,,,0.0,0,24 Philippine Parade,https://www.google.com/maps/search/?api=1&query=Third+Base+24+Philippine+Parade,osm:node/12506568507
58,B,Little Bandits Coffee & More,cafe,Gold Coast,"no website listed, only social media (verify on Google Maps)",https://www.instagram.com/littlebanditscoffee/,,,,0.0,0,,https://www.google.com/maps/search/?api=1&query=Little+Bandits+Coffee+%26+More,osm:node/12548018916
58,B,Vegepatch Studios,cafe,Gold Coast,"no website listed, only social media (verify on Google Maps)",https://www.instagram.com/vegepatchstudios,,,,0.0,0,10 Fifth Avenue,https://www.google.com/maps/search/?api=1&query=Vegepatch+Studios+10+Fifth+Avenue,osm:node/13890311975
58,B,The Palm Coffee,cafe,Gold Coast,"no website listed, only social media (verify on Google Maps)",https://www.instagram.com/the_palmcoffee,https://www.facebook.com/thepalmscoffees/,+61 410 812 975,,0.0,0,83 Cypress Terrace,https://www.google.com/maps/search/?api=1&query=The+Palm+Coffee+83+Cypress+Terrace,osm:node/13916581433
58,B,Doki Doki Cafe Bar,cafe,Gold Coast,"no website listed, only social media (verify on Google Maps)",https://www.instagram.com/cafe_bar_dokidoki/,,,,0.0,0,,https://www.google.com/maps/search/?api=1&query=Doki+Doki+Cafe+Bar,osm:node/13928376187
58,B,Sens Coffee Co,cafe,Gold Coast,"no website listed, only social media (verify on Google Maps)",https://www.instagram.com/sens_coffee_co/,https://www.facebook.com/p/SENS-COFEE-CO-Southport-61564429171125/,+61 452 017 367,,0.0,0,2 Como Crescent,https://www.google.com/maps/search/?api=1&query=Sens+Coffee+Co+2+Como+Crescent,osm:node/14201268205
58,B,Canteen Coffee,cafe,Gold Coast,"no website listed, only social media (verify on Google Maps)",,https://www.facebook.com/CanteenCoffeeandKitchen/,,,0.0,0,23 Park Avenue,https://www.google.com/maps/search/?api=1&query=Canteen+Coffee+23+Park+Avenue,osm:node/14211541064
58,B,Magic Wok Chinese Restaurant,restaurant,Gold Coast,"no website listed, only social media (verify on Google Maps)",,https://www.facebook.com/profile.php?id=100065273629487,+61 7 5535 8619,,0.0,0,,https://www.google.com/maps/search/?api=1&query=Magic+Wok+Chinese+Restaurant,osm:node/2156901405
58,B,German Sausages,restaurant,Gold Coast,"no website listed, only social media (verify on Google Maps)",,https://www.facebook.com/www.facebook.com/pages/german-Sausages,,,0.0,0,3018 shop 2 Surfers Paradise Boulevard Surfers Paradise,https://www.google.com/maps/search/?api=1&query=German+Sausages+3018+shop+2+Surfers+Paradise+Boulevard+Surfers+Paradise,osm:node/3548412617
58,B,Shogun Japanese,restaurant,Gold Coast,"no website listed, only social media (verify on Google Maps)",,https://www.facebook.com/goldcoastshogunjapaneserestaurant,+61 7 5528 6998,,0.0,0,,https://www.google.com/maps/search/?api=1&query=Shogun+Japanese,osm:node/3582290093
58,B,Master Sushi,restaurant,Gold Coast,"no website listed, only social media (verify on Google Maps)",,https://www.facebook.com/pages/Master-Sushi/157277494310497,+61 7 5526 7557,,0.0,0,,https://www.google.com/maps/search/?api=1&query=Master+Sushi,osm:node/3833546408
58,B,Supranee’s Pork Crackling,restaurant,Gold Coast,"no website listed, only social media (verify on Google Maps)",,https://www.facebook.com/p/Supranees-pork-crackling-thai-groceries-100064069959236/,+61 7 5533 9284,,0.0,0,,https://www.google.com/maps/search/?api=1&query=Supranee%E2%80%99s+Pork+Crackling,osm:node/4221079767
58,B,The Greek Joint Brews And BBQs,restaurant,Gold Coast,"no website listed, only social media (verify on Google Maps)",,https://www.facebook.com/thegreekjointburleigh,+61 7 5535 2562,,0.0,0,,https://www.google.com/maps/search/?api=1&query=The+Greek+Joint+Brews+And+BBQs,osm:node/6209707990
58,B,Zhang Liang Malatang,restaurant,Gold Coast,"no website listed, only social media (verify on Google Maps)",,https://www.facebook.com/p/Zhang-Liang-Malatang-Southport-100076346656014/,,,0.0,0,,https://www.google.com/maps/search/?api=1&query=Zhang+Liang+Malatang,osm:node/10574074909
58,B,Michael's Kitchen,restaurant,Gold Coast,"no website listed, only social media (verify on Google Maps)",,https://www.facebook.com/p/Michaels-Kitchen-Chinese-Takeaway-100063715285734/,+61 7 5523 1833,,0.0,0,,https://www.google.com/maps/search/?api=1&query=Michael%27s+Kitchen,osm:node/11583472547
58,B,Sogno Italiano,restaurant,Gold Coast,"no website listed, only social media (verify on Google Maps)",,https://www.facebook.com/sognoitalian0/,+61 7 5633 4494,,0.0,0,,https://www.google.com/maps/search/?api=1&query=Sogno+Italiano,osm:node/12134853013
58,B,Tokyo Kitchen,restaurant,Gold Coast,"no website listed, only social media (verify on Google Maps)",https://www.instagram.com/tokyokitchenpalmbeach/,,+61 466 924 660,,0.0,0,,https://www.google.com/maps/search/?api=1&query=Tokyo+Kitchen,osm:node/12548749108
58,B,Sushi Train,restaurant,Gold Coast,"no website listed, only social media (verify on Google Maps)",https://www.instagram.com/sushitrain_coomera/,,,,0.0,0,,https://www.google.com/maps/search/?api=1&query=Sushi+Train,osm:node/13860289975
58,B,Sushi at Palm Beach,restaurant,Gold Coast,"no website listed, only social media (verify on Google Maps)",,https://www.facebook.com/SushiAtPalmBeach/,+61 7 5534 6911,,0.0,0,,https://www.google.com/maps/search/?api=1&query=Sushi+at+Palm+Beach,osm:node/13890311972
58,B,Fat Chicken,takeaway,Gold Coast,"no website listed, only social media (verify on Google Maps)",,https://www.facebook.com/people/Fat-Chicken-West-Burleigh/100063635289144/,,,0.0,0,5 Tallebudgera Creek Road,https://www.google.com/maps/search/?api=1&query=Fat+Chicken+5+Tallebudgera+Creek+Road,osm:node/5470304730
58,B,Notorious E.A.T Food Truck,takeaway,Gold Coast,"no website listed, only social media (verify on Google Maps)",,https://www.facebook.com/notoriouseat/,+61 419 472 407,,0.0,0,,https://www.google.com/maps/search/?api=1&query=Notorious+E.A.T+Food+Truck,osm:node/6191149725
58,B,MOFOS Tweed Heads,takeaway,Gold Coast,"no website listed, only social media (verify on Google Maps)",,https://www.facebook.com/MOFOSTWEEDHEADS/,+61 434 099 876,,0.0,0,67A Minjungbal Drive,https://www.google.com/maps/search/?api=1&query=MOFOS+Tweed+Heads+67A+Minjungbal+Drive,osm:node/11583408430
58,B,Madocke Beer Brewing Co,bar or pub,Gold Coast,"no website listed, only social media (verify on Google Maps)",,https://www.facebook.com/madockebeer/,,,0.0,0,286 Southport Nerang Road,https://www.google.com/maps/search/?api=1&query=Madocke+Beer+Brewing+Co+286+Southport+Nerang+Road,osm:way/758032857
58,B,Boulangerie Vietnam,bakery,Gold Coast,"no website listed, only social media (verify on Google Maps)",,https://www.facebook.com/p/Boulangerie-Vietnam-100086495847018/,+61 432 747 703,,0.0,0,,https://www.google.com/maps/search/?api=1&query=Boulangerie+Vietnam,osm:node/6131972102
58,B,Oriental Bakery,bakery,Gold Coast,"no website listed, only social media (verify on Google Maps)",,https://www.facebook.com/TheOrientalBakery/,+61 7 5578 5247,,0.0,0,,https://www.google.com/maps/search/?api=1&query=Oriental+Bakery,osm:node/10227889320
58,B,Pan 200 Daily Bakery,bakery,Gold Coast,"no website listed, only social media (verify on Google Maps)",,https://www.facebook.com/people/Pan-200-Daily-Bakery/100077636797482/,+61 468 745 122,,0.0,0,48A Nerang Street,https://www.google.com/maps/search/?api=1&query=Pan+200+Daily+Bakery+48A+Nerang+Street,osm:node/12133341942
58,B,MR Bake,bakery,Gold Coast,"no website listed, only social media (verify on Google Maps)",,https://www.facebook.com/hellomrbake/,+61 419 917 489,,0.0,0,,https://www.google.com/maps/search/?api=1&query=MR+Bake,osm:node/12257849050
58,B,Lakeside Bakery,bakery,Gold Coast,"no website listed, only social media (verify on Google Maps)",,https://www.facebook.com/lakesidebakerypalmbeach,,,0.0,0,16 Philippine Parade,https://www.google.com/maps/search/?api=1&query=Lakeside+Bakery+16+Philippine+Parade,osm:node/12506568508
58,B,La De Da,bakery,Gold Coast,"no website listed, only social media (verify on Google Maps)",,https://facebook.com/ladedabakery/,+61 7 5599 5688,,0.0,0,99 Kennedy Drive Tweed Heads,https://www.google.com/maps/search/?api=1&query=La+De+Da+99+Kennedy+Drive+Tweed+Heads,osm:node/12990041888
58,B,Barber & Capelli Co,barber or hairdresser,Gold Coast,"no website listed, only social media (verify on Google Maps)",,https://facebook.com/barberandcapelli,+61 473 948 785,,0.0,0,2098 Gold Coast Highway Miami,https://www.google.com/maps/search/?api=1&query=Barber+%26+Capelli+Co+2098+Gold+Coast+Highway+Miami,osm:node/5199074478
58,B,Intro Hairdressing,barber or hairdresser,Gold Coast,"no website listed, only social media (verify on Google Maps)",,https://www.facebook.com/Intro-Hair-Burleigh-1626887570895425/,+61 7 5535 6625,,0.0,0,,https://www.google.com/maps/search/?api=1&query=Intro+Hairdressing,osm:node/6209605120
58,B,Hair Affair,barber or hairdresser,Gold Coast,"no website listed, only social media (verify on Google Maps)",,https://www.facebook.com/HairAffairBurleigh/,+61 7 5535 2405,,0.0,0,,https://www.google.com/maps/search/?api=1&query=Hair+Affair,osm:node/6209637404
58,B,Get Smart Hair Body & Soul,barber or hairdresser,Gold Coast,"no website listed, only social media (verify on Google Maps)",,https://www.facebook.com/getsmarthairbodysoul/,+61 7 5576 1770,,0.0,0,,https://www.google.com/maps/search/?api=1&query=Get+Smart+Hair+Body+%26+Soul,osm:node/6209651671
58,B,Hair by Serena,barber or hairdresser,Gold Coast,"no website listed, only social media (verify on Google Maps)",,https://www.facebook.com/hairbyserena.goldcoast/,+61 424 517 323,,0.0,0,,https://www.google.com/maps/search/?api=1&query=Hair+by+Serena,osm:node/6235418442
58,B,Keli's Kuts,barber or hairdresser,Gold Coast,"no website listed, only social media (verify on Google Maps)",,https://www.facebook.com/KelisKutz/,+61 7 5554 6969,,0.0,0,,https://www.google.com/maps/search/?api=1&query=Keli%27s+Kuts,osm:node/6280216777
58,B,Newlengths Hairdressing,barber or hairdresser,Gold Coast,"no website listed, only social media (verify on Google Maps)",,https://www.facebook.com/NewlengthsNobbyBeach/,+61 427 201 006,,0.0,0,,https://www.google.com/maps/search/?api=1&query=Newlengths+Hairdressing,osm:node/6302379182
58,B,Love is in the hair,barber or hairdresser,Gold Coast,"no website listed, only social media (verify on Google Maps)",,https://www.facebook.com/loveisinthehairhairsalon/,+61 429 828 254,,0.0,0,,https://www.google.com/maps/search/?api=1&query=Love+is+in+the+hair,osm:node/9281790689
58,B,Zina Hair Studio,barber or hairdresser,Gold Coast,"no website listed, only social media (verify on Google Maps)",,https://www.facebook.com/zinahairstudio/,+61 410 105 180,,0.0,0,,https://www.google.com/maps/search/?api=1&query=Zina+Hair+Studio,osm:node/10232329131
58,B,Jeannie's Barber Shop,barber or hairdresser,Gold Coast,"no website listed, only social media (verify on Google Maps)",,https://www.facebook.com/jeanniesbarbershop/,+61 427 019 157,,0.0,0,,https://www.google.com/maps/search/?api=1&query=Jeannie%27s+Barber+Shop,osm:node/10303626142
58,B,Rachael's Hair Studio,barber or hairdresser,Gold Coast,"no website listed, only social media (verify on Google Maps)",,https://www.facebook.com/profile.php?id=100063804390042,+61 7 5536 2737,,0.0,0,,https://www.google.com/maps/search/?api=1&query=Rachael%27s+Hair+Studio,osm:node/11612746632
58,B,Saltydogs Barber Shop,barber or hairdresser,Gold Coast,"no website listed, only social media (verify on Google Maps)",,https://www.facebook.com/people/Salty-dogs-barber-shop/100050556597140/,+61 414 825 368,,0.0,0,10 Fifth Avenue,https://www.google.com/maps/search/?api=1&query=Saltydogs+Barber+Shop+10+Fifth+Avenue,osm:node/12521733096
58,B,Brazabarber,barber or hairdresser,Gold Coast,"no website listed, only social media (verify on Google Maps)",,https://www.facebook.com/brazabarbergc/about/,+61 412 399 950,,0.0,0,,https://www.google.com/maps/search/?api=1&query=Brazabarber,osm:node/13375174785
58,B,Style Addict,barber or hairdresser,Gold Coast,"no website listed, only social media (verify on Google Maps)",https://www.instagram.com/styleaddict_hairmastery/?hl=en,,,,0.0,0,,https://www.google.com/maps/search/?api=1&query=Style+Addict,osm:node/13377080885
58,B,Old Wiley's Barbershop,barber or hairdresser,Gold Coast,"no website listed, only social media (verify on Google Maps)",,https://www.facebook.com/p/Old-Wileys-Barbershop-100063607865296/,,,0.0,0,,https://www.google.com/maps/search/?api=1&query=Old+Wiley%27s+Barbershop,osm:node/13377152270
58,B,5th Avenue Hair,barber or hairdresser,Gold Coast,"no website listed, only social media (verify on Google Maps)",,https://www.facebook.com/people/5th-Avenue-Hair-Palm-Beach/100090549709595/,,,0.0,0,,https://www.google.com/maps/search/?api=1&query=5th+Avenue+Hair,osm:node/13646595207
58,B,Bimbos Hair,barber or hairdresser,Gold Coast,"no website listed, only social media (verify on Google Maps)",https://www.instagram.com/bimbos.gc/,https://www.facebook.com/p/Blondie-hair-co-100078309943317/,+61 7 5598 2355,,0.0,0,15 Palm Beach Avenue,https://www.google.com/maps/search/?api=1&query=Bimbos+Hair+15+Palm+Beach+Avenue,osm:node/13956912018
58,B,Colour Nation,barber or hairdresser,Gold Coast,"no website listed, only social media (verify on Google Maps)",,https://www.facebook.com/colournationpalmbeach/,+61 7 5525 6444,,0.0,0,24 Philippine Parade,https://www.google.com/maps/search/?api=1&query=Colour+Nation+24+Philippine+Parade,osm:node/14001947885
58,B,The Courtyard Co,beauty salon,Gold Coast,"no website listed, only social media (verify on Google Maps)",,https://www.facebook.com/frontyardsgc/,+61 479 077 953,,0.0,0,36 Seabeach Avenue,https://www.google.com/maps/search/?api=1&query=The+Courtyard+Co+36+Seabeach+Avenue,osm:node/13380349288
58,B,LV lashes & brows,beauty salon,Gold Coast,"no website listed, only social media (verify on Google Maps)",https://www.instagram.com/lv_lashes.and.brows/,,+61 450 553 112,,0.0,0,3/121 Sunshine Boulevard,https://www.google.com/maps/search/?api=1&query=LV+lashes+%26+brows+3%2F121+Sunshine+Boulevard,osm:node/14034052665
58,B,Starke Fitness,gym or studio,Gold Coast,"no website listed, only social media (verify on Google Maps)",,https://www.facebook.com/starketraining/,+61 424 578 105,,0.0,0,,https://www.google.com/maps/search/?api=1&query=Starke+Fitness,osm:node/6200157082
58,B,The Best Things Jewellery,boutique,Gold Coast,"no website listed, only social media (verify on Google Maps)",,https://www.facebook.com/2251GCHWY/,+61 7 5572 7711,,0.0,0,,https://www.google.com/maps/search/?api=1&query=The+Best+Things+Jewellery,osm:node/6300593665
58,B,Desire,boutique,Gold Coast,"no website listed, only social media (verify on Google Maps)",,https://facebook.com/people/Desire-on-James/100057670328902,+61 432 357 151,,0.0,0,50 James Street,https://www.google.com/maps/search/?api=1&query=Desire+50+James+Street,osm:node/11233609153
58,B,Impact Furniture Finishers,gift or homewares,Gold Coast,"no website listed, only social media (verify on Google Maps)",,https://www.facebook.com/ImpactFurnitureFinishers/,+61 7 5598 4155,,0.0,0,,https://www.google.com/maps/search/?api=1&query=Impact+Furniture+Finishers,osm:node/6258973129
58,B,Burleigh Pet & Stockfeed Supplies,pet business,Gold Coast,"no website listed, only social media (verify on Google Maps)",,https://www.facebook.com/pg/Burleigh-Pet-Stockfeed-Supplies-893075937451992/about/,+61 7 5520 6662,,0.0,0,,https://www.google.com/maps/search/?api=1&query=Burleigh+Pet+%26+Stockfeed+Supplies,osm:node/6167328417
58,B,Inkhanced Cosmetic Tattoo,tattoo studio,Gold Coast,"no website listed, only social media (verify on Google Maps)",https://instagram.com/inkhanced,https://facebook.com/Inkhanced,+61 406 917 329,,0.0,0,,https://www.google.com/maps/search/?api=1&query=Inkhanced+Cosmetic+Tattoo,osm:node/5267259067
58,B,Haree Tattoo Studio,tattoo studio,Gold Coast,"no website listed, only social media (verify on Google Maps)",,https://www.facebook.com/hareetattoostudio/,,,0.0,0,,https://www.google.com/maps/search/?api=1&query=Haree+Tattoo+Studio,osm:node/6275823585
58,B,La Femme Tattoo House,tattoo studio,Gold Coast,"no website listed, only social media (verify on Google Maps)",https://www.instagram.com/lafemmetattoohouse/,,,,0.0,0,,https://www.google.com/maps/search/?api=1&query=La+Femme+Tattoo+House,osm:node/6300609807
58,B,Vision Tattoo Studio,tattoo studio,Gold Coast,"no website listed, only social media (verify on Google Maps)",https://instagram.com/visiontattoomiami,https://facebook.com/visiontattoomiami,+61 7 5648 1664,,0.0,0,,https://www.google.com/maps/search/?api=1&query=Vision+Tattoo+Studio,osm:node/6302467099
58,B,Craig's Detailing,mechanic,Gold Coast,"no website listed, only social media (verify on Google Maps)",,https://www.facebook.com/Craigs-Detailing-118049508275423/,,,0.0,0,,https://www.google.com/maps/search/?api=1&query=Craig%27s+Detailing,osm:node/5909013395
58,B,George Gray Motors,mechanic,Gold Coast,"no website listed, only social media (verify on Google Maps)",,https://www.facebook.com/pages/category/Automotive-Repair-Shop/George-Gray-Motors-1800438436943462/,+61 7 5576 3202,,0.0,0,,https://www.google.com/maps/search/?api=1&query=George+Gray+Motors,osm:node/6167273969
58,B,Bundall Smash Repairs,mechanic,Gold Coast,"no website listed, only social media (verify on Google Maps)",,https://www.facebook.com/BundallSmash/,+61 7 5570 3444,,0.0,0,,https://www.google.com/maps/search/?api=1&query=Bundall+Smash+Repairs,osm:node/6240806146
58,B,Guys Bodyworks,mechanic,Gold Coast,"no website listed, only social media (verify on Google Maps)",,https://www.facebook.com/pages/Guys-Bodyworks-Southport/190128311365007,+61 7 5532 1392,,0.0,0,,https://www.google.com/maps/search/?api=1&query=Guys+Bodyworks,osm:node/7078651223
58,B,ToyoTechniks,mechanic,Gold Coast,"no website listed, only social media (verify on Google Maps)",,https://www.facebook.com/p/Toyotechniks-100063546062838/,+61 7 5591 1449,,0.0,0,,https://www.google.com/maps/search/?api=1&query=ToyoTechniks,osm:node/12286716890
58,B,Woodys Auto Electrics,mechanic,Gold Coast,"no website listed, only social media (verify on Google Maps)",,https://www.facebook.com/p/Woodys-Auto-Electrics-100054551465189/,+61 7 5575 2312,,0.0,0,,https://www.google.com/maps/search/?api=1&query=Woodys+Auto+Electrics,osm:node/13377153430
58,B,Loveday’s Quality Meats,deli or specialty food,Gold Coast,"no website listed, only social media (verify on Google Maps)",,https://www.facebook.com/lovedaysqualitymeats/,+61 7 5593 5023,,0.0,0,,https://www.google.com/maps/search/?api=1&query=Loveday%E2%80%99s+Quality+Meats,osm:node/6131980586
58,B,Broccoli Brothers,deli or specialty food,Gold Coast,"no website listed, only social media (verify on Google Maps)",,https://www.facebook.com/Broccoli.Brothers.Treetops.Plaza/,+61 7 5522 0066,,0.0,0,,https://www.google.com/maps/search/?api=1&query=Broccoli+Brothers,osm:node/6131983359
58,B,Gold Coast Growers Market,deli or specialty food,Gold Coast,"no website listed, only social media (verify on Google Maps)",,https://www.facebook.com/p/Gold-Coast-Growers-Market-100063543881581/,+61 412 697 263,,0.0,0,,https://www.google.com/maps/search/?api=1&query=Gold+Coast+Growers+Market,osm:node/10227889321
58,B,The Butcher's Table,deli or specialty food,Gold Coast,"no website listed, only social media (verify on Google Maps)",,https://facebook.com/thebutcherstablenerang,+61 7 5502 2019,,0.0,0,,https://www.google.com/maps/search/?api=1&query=The+Butcher%27s+Table,osm:node/11136280397
58,B,Vish Fruit & Veg,deli or specialty food,Gold Coast,"no website listed, only social media (verify on Google Maps)",https://instagram.com/vishnusfreshfruitsanvegetables,https://facebook.com/people/Vish-Fruit-veg/100063856403485,+61 449 807 590,,0.0,0,,https://www.google.com/maps/search/?api=1&query=Vish+Fruit+%26+Veg,osm:node/11136280399
58,B,Salt & Smoke Meat Co,deli or specialty food,Gold Coast,"no website listed, only social media (verify on Google Maps)",https://www.instagram.com/saltandsmoke_meatco/,https://www.facebook.com/saltandsmokemeatco/,+61 7 5690 3893,,0.0,0,10 Fifth Avenue,https://www.google.com/maps/search/?api=1&query=Salt+%26+Smoke+Meat+Co+10+Fifth+Avenue,osm:node/12521733097
58,B,Lakeside Quality Meats,deli or specialty food,Gold Coast,"no website listed, only social media (verify on Google Maps)",https://www.instagram.com/lakeside_quality_meats,https://www.facebook.com/lakesidequalitymeatspalmbeach/,+61 7 5534 5704,,0.0,0,17 Philippine Parade,https://www.google.com/maps/search/?api=1&query=Lakeside+Quality+Meats+17+Philippine+Parade,osm:node/12548749107
58,B,Kingswood Park Butchery,deli or specialty food,Gold Coast,"no website listed, only social media (verify on Google Maps)",,https://www.facebook.com/Kingswoodparkbutchery/,+61 7 5534 4054,,0.0,0,15 Palm Beach Avenue,https://www.google.com/maps/search/?api=1&query=Kingswood+Park+Butchery+15+Palm+Beach+Avenue,osm:node/12598662357
58,B,Tower Central Cafe,cafe,Ipswich,"no website listed, only social media (verify on Google Maps)",,https://www.facebook.com/towercentralcafeipswich/,+61 7 3812 3157,,0.0,0,114 Brisbane Street Ipswich,https://www.google.com/maps/search/?api=1&query=Tower+Central+Cafe+114+Brisbane+Street+Ipswich,osm:node/8383865320
58,B,The Chambers Cafe,cafe,Ipswich,"no website listed, only social media (verify on Google Maps)",,https://www.facebook.com/thechamberscafe,+61 491 875 347,,0.0,0,43 Ellenborough Street Ipswich,https://www.google.com/maps/search/?api=1&query=The+Chambers+Cafe+43+Ellenborough+Street+Ipswich,osm:node/12624571411
58,B,Ellen & Rod Cafe,cafe,Ipswich,"no website listed, only social media (verify on Google Maps)",,https://www.facebook.com/Ellenandrod/,+61 488 598 290,,0.0,0,55 Ellenborough Street Ipswich,https://www.google.com/maps/search/?api=1&query=Ellen+%26+Rod+Cafe+55+Ellenborough+Street+Ipswich,osm:way/1363463336
58,B,Hoe Inn Food Bar,takeaway,Ipswich,"no website listed, only social media (verify on Google Maps)",,https://www.facebook.com/HoeInnFoodBar/,+61 7 3281 3822,,0.0,0,57 Limestone Street Ipswich,https://www.google.com/maps/search/?api=1&query=Hoe+Inn+Food+Bar+57+Limestone+Street+Ipswich,osm:node/8390201526
58,B,Federal Hotel,bar or pub,Ipswich,"no website listed, only social media (verify on Google Maps)",,https://www.facebook.com/FederalHotelIpswich/,+61 7 3281 4855,,0.0,0,214 Brisbane Street Ipswich,https://www.google.com/maps/search/?api=1&query=Federal+Hotel+214+Brisbane+Street+Ipswich,osm:way/902025082
58,B,HeavyW8 Barbers,barber or hairdresser,Ipswich,"no website listed, only social media (verify on Google Maps)",,https://www.facebook.com/HeavyW8Barbers/,+61 411 428 917,,0.0,0,57A Pine Mountain Road North Ipswich,https://www.google.com/maps/search/?api=1&query=HeavyW8+Barbers+57A+Pine+Mountain+Road+North+Ipswich,osm:way/1365901542
58,B,Miaá Lashes,beauty salon,Logan,"no website listed, only social media (verify on Google Maps)",https://www.instagram.com/miaalashes_/?igshid=YmMyMTA2M2Y=,,+61 413 430 741,,0.0,0,4 Centurion Circuit,https://www.google.com/maps/search/?api=1&query=Mia%C3%A1+Lashes+4+Centurion+Circuit,osm:node/9704427586
58,B,Hot Property Realty,real estate agent,Mackay,"no website listed, only social media (verify on Google Maps)",,https://facebook.com/hotpropertymackay,+61 7 4942 8855,,0.0,0,118 Sams Road,https://www.google.com/maps/search/?api=1&query=Hot+Property+Realty+118+Sams+Road,osm:way/1280839697
58,B,Village Deli Bongaree,cafe,Moreton Bay,"no website listed, only social media (verify on Google Maps)",https://www.instagram.com/village_deli_bongaree/,https://www.facebook.com/villagedelibongaree,+61 7 3408 4188,,0.0,0,17 First Avenue,https://www.google.com/maps/search/?api=1&query=Village+Deli+Bongaree+17+First+Avenue,osm:node/5870187289
58,B,The Beach Shak Cafe,cafe,Moreton Bay,"no website listed, only social media (verify on Google Maps)",,https://www.facebook.com/thebeachshakcafe/,,,0.0,0,,https://www.google.com/maps/search/?api=1&query=The+Beach+Shak+Cafe,osm:node/6427538503
58,B,Gather and Feast,cafe,Moreton Bay,"no website listed, only social media (verify on Google Maps)",,https://m.facebook.com/gatherandfeastcafe,,,0.0,0,7 James Street,https://www.google.com/maps/search/?api=1&query=Gather+and+Feast+7+James+Street,osm:node/6856744586
58,B,Council Corner Cafe,takeaway,Moreton Bay,"no website listed, only social media (verify on Google Maps)",,https://www.facebook.com/p/Council-Corner-Cafe-61560625214132/,,,0.0,0,2 Machinery Parade,https://www.google.com/maps/search/?api=1&query=Council+Corner+Cafe+2+Machinery+Parade,osm:node/4885518621
58,B,Johnny's Pizza Place,takeaway,Moreton Bay,"no website listed, only social media (verify on Google Maps)",,https://www.facebook.com/johnnyspizzaplace,+61 7 3425 2208,,0.0,0,13 Williams Street,https://www.google.com/maps/search/?api=1&query=Johnny%27s+Pizza+Place+13+Williams+Street,osm:node/5768011593
58,B,Fishermans Daughter,takeaway,Moreton Bay,"no website listed, only social media (verify on Google Maps)",,https://www.facebook.com/fishermansdaughterdeceptionbay/,+61 7 3204 8144,,0.0,0,,https://www.google.com/maps/search/?api=1&query=Fishermans+Daughter,osm:node/10831351728
58,B,SG Cafe,bakery,Moreton Bay,"no website listed, only social media (verify on Google Maps)",,https://www.facebook.com/sgcafe.com.au/,+61 7 5432 3071,,0.0,0,1 Ardrossan Road,https://www.google.com/maps/search/?api=1&query=SG+Cafe+1+Ardrossan+Road,osm:node/6375177178
58,B,Hair on Archer,barber or hairdresser,Moreton Bay,"no website listed, only social media (verify on Google Maps)",,https://www.facebook.com/haironarcher/,+61 410 882 702,,0.0,0,,https://www.google.com/maps/search/?api=1&query=Hair+on+Archer,osm:node/9454374291
58,B,Cuts on Cresthaven,barber or hairdresser,Moreton Bay,"no website listed, only social media (verify on Google Maps)",,https://www.facebook.com/profile.php/?id=100054399854687,+61 7 5499 0042,,0.0,0,40 Cresthaven Drive,https://www.google.com/maps/search/?api=1&query=Cuts+on+Cresthaven+40+Cresthaven+Drive,osm:node/12989892974
58,B,Sway on Bribie,boutique,Moreton Bay,"no website listed, only social media (verify on Google Maps)",,https://www.facebook.com/SwayonBribie,+61 439 757 772,,0.0,0,17 First Avenue,https://www.google.com/maps/search/?api=1&query=Sway+on+Bribie+17+First+Avenue,osm:node/5870187304
58,B,Bongaree Pet Food,pet business,Moreton Bay,"no website listed, only social media (verify on Google Maps)",,https://www.facebook.com/profile.php/?id=100057076285153,+61 455 372 014,,0.0,0,75 Cotterill Avenue,https://www.google.com/maps/search/?api=1&query=Bongaree+Pet+Food+75+Cotterill+Avenue,osm:node/822443491
58,B,JEZ Automotive,mechanic,Moreton Bay,"no website listed, only social media (verify on Google Maps)",,https://www.facebook.com/JezAutomotive/,,,0.0,0,2 Machinery Parade Caboolture,https://www.google.com/maps/search/?api=1&query=JEZ+Automotive+2+Machinery+Parade+Caboolture,osm:node/13810102712
58,B,Pelican Cafe,cafe,Redlands,"no website listed, only social media (verify on Google Maps)",,https://www.facebook.com/PelicanCafe293/,,,0.0,0,293 Esplanade Redland Bay,https://www.google.com/maps/search/?api=1&query=Pelican+Cafe+293+Esplanade+Redland+Bay,osm:way/621093169
58,B,Curlew Cafe,cafe,Redlands,"no website listed, only social media (verify on Google Maps)",,https://www.facebook.com/curlewcoochie,,,0.0,0,22 Victoria Parade South Coochiemudlo Island,https://www.google.com/maps/search/?api=1&query=Curlew+Cafe+22+Victoria+Parade+South+Coochiemudlo+Island,osm:way/1330138655
58,B,Coochiemudlo Island Beach Bar and Grill,restaurant,Redlands,"no website listed, only social media (verify on Google Maps)",,https://www.facebook.com/coochiemudloislandbeachbar,+61 484 064 014,,0.0,0,38 Victoria Parade South Coochiemudlo Island,https://www.google.com/maps/search/?api=1&query=Coochiemudlo+Island+Beach+Bar+and+Grill+38+Victoria+Parade+South+Coochiemudlo+Island,osm:way/1330138652
58,B,Jetty Store II,takeaway,Redlands,"no website listed, only social media (verify on Google Maps)",,https://www.facebook.com/TheJettyStore/,+61 7 3206 7674,,0.0,0,47 Banana Street Redland Bay,https://www.google.com/maps/search/?api=1&query=Jetty+Store+II+47+Banana+Street+Redland+Bay,osm:way/44816116
58,B,Emjay Spa & Beauty,beauty salon,Redlands,"no website listed, only social media (verify on Google Maps)",,https://www.facebook.com/emjaybeautyspa/,,,0.0,0,,https://www.google.com/maps/search/?api=1&query=Emjay+Spa+%26+Beauty,osm:node/10734168574
58,B,Koala Park Veterinary Surgery,pet business,Redlands,"no website listed, only social media (verify on Google Maps)",,https://www.facebook.com/KoalaParkVeterinarySurgery?mibextid=ZbWKwL,+61 7 3207 6041,,0.0,0,535 Cleveland Redland Bay Road Victoria Point,https://www.google.com/maps/search/?api=1&query=Koala+Park+Veterinary+Surgery+535+Cleveland+Redland+Bay+Road+Victoria+Point,osm:way/1296040992
58,B,Top Gun Restorations,mechanic,Redlands,"no website listed, only social media (verify on Google Maps)",,https://www.facebook.com/p/Top-Gun-Restoration-100063707569188,,,0.0,0,65 Jardine Drive Redland Bay,https://www.google.com/maps/search/?api=1&query=Top+Gun+Restorations+65+Jardine+Drive+Redland+Bay,osm:node/11921221129
58,B,The Big Mushroom Fruit Barn,deli or specialty food,Redlands,"no website listed, only social media (verify on Google Maps)",,https://www.facebook.com/103601592445707,+61 490 871 225,,0.0,0,88 Shore Street West Ormiston,https://www.google.com/maps/search/?api=1&query=The+Big+Mushroom+Fruit+Barn+88+Shore+Street+West+Ormiston,osm:node/13696920179
58,B,Homegrown Cafe,cafe,Sunshine Coast,"no website listed, only social media (verify on Google Maps)",,https://www.facebook.com/homegrownpalmwoods/,+61 458 270 368,,0.0,0,8 Main Street,https://www.google.com/maps/search/?api=1&query=Homegrown+Cafe+8+Main+Street,osm:node/4370355273
58,B,Nambour Social,cafe,Sunshine Coast,"no website listed, only social media (verify on Google Maps)",,https://www.facebook.com/namboursocial,,,0.0,0,59 Currie Street Nambour,https://www.google.com/maps/search/?api=1&query=Nambour+Social+59+Currie+Street+Nambour,osm:node/5346542352
58,B,Press at Noosa,cafe,Sunshine Coast,"no website listed, only social media (verify on Google Maps)",,https://www.facebook.com/profile.php?id=100054504337824,,,0.0,0,3 Lanyana Way Noosa Heads,https://www.google.com/maps/search/?api=1&query=Press+at+Noosa+3+Lanyana+Way+Noosa+Heads,osm:node/10050054215
58,B,J J Sushi,restaurant,Sunshine Coast,"no website listed, only social media (verify on Google Maps)",,https://www.facebook.com/jjsushichicken/,+61 480 253 468,,0.0,0,35 Mill Lane,https://www.google.com/maps/search/?api=1&query=J+J+Sushi+35+Mill+Lane,osm:way/790941194
58,B,The Bakers Pantry,bakery,Sunshine Coast,"no website listed, only social media (verify on Google Maps)",https://www.instagram.com/thebakerspantrynoosa,https://www.facebook.com/thebakerspantrynoosa,+61 7 5448 0780,,0.0,0,205 Weyba Road Noosaville,https://www.google.com/maps/search/?api=1&query=The+Bakers+Pantry+205+Weyba+Road+Noosaville,osm:node/5458667561
58,B,Suncoast Mechanical,mechanic,Sunshine Coast,"no website listed, only social media (verify on Google Maps)",,https://www.facebook.com/SuncoastMechanical/,,,0.0,0,,https://www.google.com/maps/search/?api=1&query=Suncoast+Mechanical,osm:way/791189056
58,B,Yandina Market Garden,deli or specialty food,Sunshine Coast,"no website listed, only social media (verify on Google Maps)",,https://www.facebook.com/yandinamarketgarden/,+61 7 5446 8944,,0.0,0,14 Farrell Street,https://www.google.com/maps/search/?api=1&query=Yandina+Market+Garden+14+Farrell+Street,osm:node/13003567969
58,B,Brown Sugar Espresso,deli or specialty food,Sunshine Coast,"no website listed, only social media (verify on Google Maps)",,https://www.facebook.com/brownsugarespressonambour/,,,0.0,0,,https://www.google.com/maps/search/?api=1&query=Brown+Sugar+Espresso,osm:way/791168929
58,B,Bubble Shack,cafe,Townsville,"no website listed, only social media (verify on Google Maps)",,https://www.facebook.com/thebubbleshackbubbletea,+61 7 4772 0103,,0.0,0,,https://www.google.com/maps/search/?api=1&query=Bubble+Shack,osm:node/7230049958
58,B,Balabite,cafe,Townsville,"no website listed, only social media (verify on Google Maps)",https://www.instagram.com/balabite,https://www.facebook.com/balabite/,,,0.0,0,,https://www.google.com/maps/search/?api=1&query=Balabite,osm:node/12027572700
58,B,Aussie Thai Fusion,restaurant,Townsville,"no website listed, only social media (verify on Google Maps)",,https://www.facebook.com/Aussie-Thai-Fusion-413149449023841,+61 7 4721 2524,,0.0,0,,https://www.google.com/maps/search/?api=1&query=Aussie+Thai+Fusion,osm:node/6763149730
58,B,Wild Rice,restaurant,Townsville,"no website listed, only social media (verify on Google Maps)",,https://www.facebook.com/WildRiceLaoThai,+61 7 4771 6242,,0.0,0,,https://www.google.com/maps/search/?api=1&query=Wild+Rice,osm:node/7104280087
58,B,Bountiful Thai,restaurant,Townsville,"no website listed, only social media (verify on Google Maps)",,https://www.facebook.com/bountifulthai,+61 7 4771 5578,,0.0,0,,https://www.google.com/maps/search/?api=1&query=Bountiful+Thai,osm:node/10083006015
58,B,Chico Rio,restaurant,Townsville,"no website listed, only social media (verify on Google Maps)",,https://www.facebook.com/chicoriotsv,+61 7 4772 1073,,0.0,0,,https://www.google.com/maps/search/?api=1&query=Chico+Rio,osm:node/10789661171
58,B,Fish N Chip Delights,takeaway,Townsville,"no website listed, only social media (verify on Google Maps)",,https://facebook.com/FISHnCHIPDelights,+61 7 4740 4949,,0.0,0,,https://www.google.com/maps/search/?api=1&query=Fish+N+Chip+Delights,osm:node/10779287764
58,B,Hotel Allen,bar or pub,Townsville,"no website listed, only social media (verify on Google Maps)",,https://www.facebook.com/hotelallentownsville,+61 7 3051 7692,,0.0,0,,https://www.google.com/maps/search/?api=1&query=Hotel+Allen,osm:node/1499360584
58,B,MM&,bakery,Townsville,"no website listed, only social media (verify on Google Maps)",https://www.instagram.com/mmandcoffeebaking,https://www.facebook.com/mmandcoffeebaking/,,,0.0,0,26-28 Mitchell Street North Ward,https://www.google.com/maps/search/?api=1&query=MM%26+26-28+Mitchell+Street+North+Ward,osm:node/9958157594
58,B,Lads 'n' Ladies Barber Shop,barber or hairdresser,Townsville,"no website listed, only social media (verify on Google Maps)",,https://www.facebook.com/p/Lads-n-Ladies-Barber-Shop-100069962165987/,+61 7 4723 6234,,0.0,0,,https://www.google.com/maps/search/?api=1&query=Lads+%27n%27+Ladies+Barber+Shop,osm:node/12228632698
58,B,Leena's Nail and Beauty,beauty salon,Townsville,"no website listed, only social media (verify on Google Maps)",,https://www.facebook.com/QueensNailsNBeauty,+61 401 774 252,,0.0,0,,https://www.google.com/maps/search/?api=1&query=Leena%27s+Nail+and+Beauty,osm:node/10110813787
58,B,Artside,beauty salon,Townsville,"no website listed, only social media (verify on Google Maps)",https://www.instagram.com/artside.studio,,,,0.0,0,,https://www.google.com/maps/search/?api=1&query=Artside,osm:node/10110813799
58,B,Axell Rose,boutique,Townsville,"no website listed, only social media (verify on Google Maps)",https://www.instagram.com/axellroseboutique,https://www.facebook.com/Axell-Rose-Boutique-102241341219356/,+61 417 079 165,,0.0,0,,https://www.google.com/maps/search/?api=1&query=Axell+Rose,osm:node/10076468215
58,B,Urban Loft Lifestyle,boutique,Townsville,"no website listed, only social media (verify on Google Maps)",,https://www.facebook.com/northwardtownsville,+61 7 4724 5665,,0.0,0,,https://www.google.com/maps/search/?api=1&query=Urban+Loft+Lifestyle,osm:node/10110813797
58,B,Summer Land,boutique,Townsville,"no website listed, only social media (verify on Google Maps)",https://www.instagram.com/summerland_aus,,+61 7 4724 2346,,0.0,0,,https://www.google.com/maps/search/?api=1&query=Summer+Land,osm:node/10127401023
58,B,Dark Arts Tattoo,tattoo studio,Townsville,"no website listed, only social media (verify on Google Maps)",,https://www.facebook.com/DarkArtsTattooTsv/,,,0.0,0,,https://www.google.com/maps/search/?api=1&query=Dark+Arts+Tattoo,osm:node/12228650395
58,B,Sunvale Meats,deli or specialty food,Townsville,"no website listed, only social media (verify on Google Maps)",,https://m.facebook.com/people/Sunvale-Meats/100063491471034/,+61 7 4775 3750,,0.0,0,,https://www.google.com/maps/search/?api=1&query=Sunvale+Meats,osm:node/11387222783
53,B,Mia Bella's Coffee Drive Thru,cafe,Brisbane,no HTTPS (browser shows 'Not secure'); looks outdated (copyright 2015); missing meta description,,https://www.facebook.com/miabellascoffee,,http://miabellascoffee.com/,0.0,0,167 Gympie Road Strathpine,https://www.google.com/maps/search/?api=1&query=Mia+Bella%27s+Coffee+Drive+Thru+167+Gympie+Road+Strathpine,osm:node/13457715182
53,B,Willow Dining Room,restaurant,Gold Coast,no HTTPS (browser shows 'Not secure'); looks outdated (copyright 2015); missing meta description,,https://www.facebook.com/WillowDiningRoom,+61 7 5576 4110,http://willowdiningroom.com/homepage/,0.0,0,,https://www.google.com/maps/search/?api=1&query=Willow+Dining+Room,osm:node/6209631361
50,B,Mama Coco,cafe,Cairns,no HTTPS (browser shows 'Not secure'); missing meta description; slow to load (4.2s),http://instagram.com/mama_coco,https://www.facebook.com/mamacococafe,+61 7 4052 1226,http://www.mamacoco.com.au,0.0,0,196 Mulgrave Road,https://www.google.com/maps/search/?api=1&query=Mama+Coco+196+Mulgrave+Road,osm:node/4330638693
45,B,Forages,cafe,Brisbane,looks outdated (copyright 2018); missing meta description; slow to load (4.1s),,https://www.facebook.com/foragesdelicafe,,https://www.foragesdelicafe.com.au/,0.0,0,144 Indooroopilly Road,https://www.google.com/maps/search/?api=1&query=Forages+144+Indooroopilly+Road,osm:node/2847475389
45,B,Burrito Bar,restaurant,Brisbane,no HTTPS (browser shows 'Not secure'); looks outdated (copyright 2023),https://instagram.com/burritobar_,https://www.facebook.com/TheBurritoBar,,http://theburritobar.com.au,0.0,0,170 Leichhardt Street,https://www.google.com/maps/search/?api=1&query=Burrito+Bar+170+Leichhardt+Street,osm:node/5813569753
45,B,Lilong West End,restaurant,Brisbane,looks outdated (copyright 2022); missing meta description; slow to load (3.8s),https://www.instagram.com/tasteofshanghai,https://www.facebook.com/tasteofshanghaiaus,+61 478 235 886,https://tasteofshanghai.com.au/lilong-2/,0.0,0,79 Boundary Street,https://www.google.com/maps/search/?api=1&query=Lilong+West+End+79+Boundary+Street,osm:node/13821294701
45,B,Fit N Fab Fitness,gym or studio,Brisbane,looks outdated (copyright 2021); missing meta description; slow to load (5.9s),https://www.instagram.com/fitnfabfitness,https://www.facebook.com/fitty.fabbo.7,,https://www.fitnfab.com.au/,0.0,0,101 Valley Way Mount Cotton,https://www.google.com/maps/search/?api=1&query=Fit+N+Fab+Fitness+101+Valley+Way+Mount+Cotton,osm:node/9921086908
45,B,Parkinson Veterinary Surgery,pet business,Brisbane,looks outdated (copyright 2020); missing meta description; slow to load (3.2s),https://www.instagram.com/parkinsonvetsurgery,https://www.facebook.com/parkinsonvetclinic,,https://parkinsonvet.com.au/,0.0,0,2 Menser Street Calamvale,https://www.google.com/maps/search/?api=1&query=Parkinson+Veterinary+Surgery+2+Menser+Street+Calamvale,osm:way/1347900024
45,B,Little Bouncing Bears Early Learning Centre,childcare,Brisbane,looks outdated (copyright 2023); missing meta description; slow to load (3.1s),,https://www.facebook.com/littlebouncingbears,,https://littlebouncingbears.com.au/,0.0,0,7 Link Street Upper Mount Gravatt,https://www.google.com/maps/search/?api=1&query=Little+Bouncing+Bears+Early+Learning+Centre+7+Link+Street+Upper+Mount+Gravatt,osm:way/1198162438
45,B,Little School Loganholme,childcare,Brisbane,looks outdated (copyright 2015); missing meta description; slow to load (3.2s),https://www.instagram.com/littleschoolhighlandpark,https://www.facebook.com/littleschoolhighlandpark,,https://littleschoolelc.com.au/loganholme/,0.0,0,1-3 Bimbadeen Drive Loganholme,https://www.google.com/maps/search/?api=1&query=Little+School+Loganholme+1-3+Bimbadeen+Drive+Loganholme,osm:way/1201825517
45,B,Alderley Kindergarten,childcare,Brisbane,looks outdated (copyright 2020); missing meta description; slow to load (3.3s),,https://www.facebook.com/AlderleyKindy,,https://alderleykindy.com.au,0.0,0,76 South Pine Road Alderley,https://www.google.com/maps/search/?api=1&query=Alderley+Kindergarten+76+South+Pine+Road+Alderley,osm:way/1365672525
45,B,Sugar Me Baby,beauty salon,Gold Coast,no HTTPS (browser shows 'Not secure'); looks outdated (copyright 2023),http://instagram.com/sugarme_baby,https://www.facebook.com/sugarmebaby,+61 432 128 318,http://www.sugarmebaby.com.au/home/,0.0,0,,https://www.google.com/maps/search/?api=1&query=Sugar+Me+Baby,osm:node/9424335291
45,B,Love Lara Jewellers,boutique,Gold Coast,looks outdated (copyright 2020); missing meta description; slow to load (3.7s),https://www.instagram.com/lovelarajewellery,https://www.facebook.com/Love-Lara-Jewellery-191476280881144,+61 7 5593 6262,https://lovelarajewellery.com.au/,0.0,0,,https://www.google.com/maps/search/?api=1&query=Love+Lara+Jewellers,osm:node/6132045422
45,B,Benowa Hills Early Learning Centre,childcare,Gold Coast,looks outdated (copyright 2015); missing meta description; slow to load (12.2s),https://instagram.com/Benowaandbenowahillselc,https://www.facebook.com/people/Benowa-Hills-Early-Learning-Centre/100057676358993,,https://www.benowahillsearlylearning.com.au/,0.0,0,,https://www.google.com/maps/search/?api=1&query=Benowa+Hills+Early+Learning+Centre,osm:way/1145641648
45,B,Grimmo's garage,mechanic,Gold Coast,looks outdated (copyright 2019); missing meta description; slow to load (3.1s),,https://www.facebook.com/GrimmosGarage,,https://www.grimmos.com.au/,0.0,0,225A Brisbane Road,https://www.google.com/maps/search/?api=1&query=Grimmo%27s+garage+225A+Brisbane+Road,osm:node/3555081799
45,B,Southport Exhaust,mechanic,Gold Coast,looks outdated (copyright 2015); missing meta description; slow to load (3.3s),,https://www.facebook.com/southportexhaust,+61 7 5532 4707,https://southportexhaust.com.au/,0.0,0,,https://www.google.com/maps/search/?api=1&query=Southport+Exhaust,osm:node/7165476970
45,B,Barcella,restaurant,Redlands,looks outdated (copyright 2022); missing meta description; slow to load (3.9s),https://www.instagram.com/barcelladining,https://www.facebook.com/BarcellaRestaurantVictoriaPoint,+61 7 3207 6668,https://barcella.com.au/,0.0,0,Lakeside Drive Victoria Point,https://www.google.com/maps/search/?api=1&query=Barcella+Lakeside+Drive+Victoria+Point,osm:way/776859172
45,B,De Lish Fish @ Kings,takeaway,Sunshine Coast,no HTTPS (browser shows 'Not secure'); looks outdated (copyright 2014),,https://www.facebook.com/pages/De-Lish-Fish-at-Kings/547467392024234,,http://delishfish.com.au/,0.0,0,,https://www.google.com/maps/search/?api=1&query=De+Lish+Fish+%40+Kings,osm:node/8920805812
45,B,Ink Attack Tattoo,tattoo studio,Sunshine Coast,no HTTPS (browser shows 'Not secure'); looks outdated (copyright 2019),http://instagram.com/ink_attack,https://www.facebook.com/InkAttackTattooStudio,,http://www.inkattack.com.au,0.0,0,12 Thunderbird Drive,https://www.google.com/maps/search/?api=1&query=Ink+Attack+Tattoo+12+Thunderbird+Drive,osm:node/14099271932
45,B,The Wedding Harvest,event hire,Brisbane,no HTTPS (browser shows 'Not secure'); looks outdated (copyright 2020),https://www.instagram.com/theweddingharvest,https://www.facebook.com/TheWeddingHarvest,,http://theweddingharvest.com/,0.0,0,,https://www.google.com/maps/search/?api=1&query=The+Wedding+Harvest+Brisbane,web:theweddingharvest.com
42,B,Maru,restaurant,Brisbane,not mobile-friendly (no viewport tag); missing meta description,,http://www.facebook.com/pages/Maru-Korean-Restaurant/170697606348616,,https://marukoreanbbq.weebly.com/,0.0,0,157 Elizabeth Street,https://www.google.com/maps/search/?api=1&query=Maru+157+Elizabeth+Street,osm:node/3128714758
42,B,Boba Chicken,takeaway,Brisbane,not mobile-friendly (no viewport tag); missing meta description,,https://www.facebook.com/login,,www.bobachicken.com,0.0,0,57 Musk Avenue Kelvin Grove,https://www.google.com/maps/search/?api=1&query=Boba+Chicken+57+Musk+Avenue+Kelvin+Grove,osm:node/739081811
42,B,Contrasts Hair Studio,barber or hairdresser,Brisbane,not mobile-friendly (no viewport tag); missing meta description,,https://www.facebook.com/Contrastshairstudio,+61 7 3356 4433,https://contrasts.com.au/,0.0,0,82 Days Road Grange,https://www.google.com/maps/search/?api=1&query=Contrasts+Hair+Studio+82+Days+Road+Grange,osm:node/760188217
42,B,Bou's For Men Barber Shop,barber or hairdresser,Toowoomba,not mobile-friendly (no viewport tag); missing meta description,,https://www.facebook.com/BousForMen,+61 7 4615 4881,https://www.bousformen.com.au/,0.0,0,,https://www.google.com/maps/search/?api=1&query=Bou%27s+For+Men+Barber+Shop,osm:node/5360337475
42,B,The Great Jewel Of India,restaurant,Townsville,no HTTPS (browser shows 'Not secure'); missing page title; missing meta description,,https://www.facebook.com/TheGreatJewelOfIndia,+61 7 4771 3144,http://www.thegreatjewelofindia.com/,0.0,0,215 Flinders Street,https://www.google.com/maps/search/?api=1&query=The+Great+Jewel+Of+India+215+Flinders+Street,osm:node/4378872589
42,B,The Old Dairy Maleny,wedding venue,Sunshine Coast,no HTTPS (browser shows 'Not secure'); slow to load (6.0s),https://www.instagram.com/theolddairymaleny,https://www.facebook.com/theolddairymaleny,,http://theolddairymaleny.com.au/,0.0,0,,https://www.google.com/maps/search/?api=1&query=The+Old+Dairy+Maleny+Sunshine+Coast,web:theolddairymaleny.com.au
42,B,Cakes by Simone,wedding cakes,Redlands,not mobile-friendly (no viewport tag); missing meta description,,https://www.facebook.com/pages/Cakes-by-Simone/351155011082,,https://www.cakesbysimone.com.au/,0.0,0,,https://www.google.com/maps/search/?api=1&query=Cakes+by+Simone+Redlands,web:cakesbysimone.com.au
42,B,Lisa Klein Makeup,hair and makeup,Hervey Bay,not mobile-friendly (no viewport tag); missing meta description,,https://www.facebook.com/Lisa-Klein-Professional-Makeup-Artist-143179855730752,,https://www.lisaklein.com.au/,0.0,0,,https://www.google.com/maps/search/?api=1&query=Lisa+Klein+Makeup+Hervey+Bay,web:lisaklein.com.au
37,C,All Limousine Transfers,wedding cars,Brisbane,looks outdated (copyright 2021); slow to load (4.2s),,https://www.facebook.com/AllLimousineTransfers,,https://alllimousinetransfers.com/,0.0,0,,https://www.google.com/maps/search/?api=1&query=All+Limousine+Transfers+Brisbane,web:alllimousinetransfers.com
37,C,Your Celebrations,celebrant,Gold Coast,looks outdated (copyright 2015); slow to load (3.1s),https://www.instagram.com/robynwagnercelebrations,https://www.facebook.com/Robyn-Wagner-Celebrations-148542741867253,,https://yourcelebrations.com.au/,0.0,0,,https://www.google.com/maps/search/?api=1&query=Your+Celebrations+Gold+Coast,web:yourcelebrations.com.au
37,C,The Cake Lady,wedding cakes,Ipswich,looks outdated (copyright 2019); slow to load (3.1s),https://www.instagram.com/thecakeladyipswich,https://www.facebook.com/thecakeladyipswich,,https://www.cakelady.com.au/,0.0,0,,https://www.google.com/maps/search/?api=1&query=The+Cake+Lady+Ipswich,web:cakelady.com.au
37,C,Weddings Port Douglas,wedding planner or stylist,Other QLD,looks outdated (copyright 2023); slow to load (4.1s),https://www.instagram.com/portdouglasweddings,https://www.facebook.com/portdouglaswedding,,https://www.weddingsportdouglas.com.au/,0.0,0,,https://www.google.com/maps/search/?api=1&query=Weddings+Port+Douglas+Other+QLD,web:weddingsportdouglas.com.au
28,C,Halo Luxury Car Rentals,wedding cars,Gold Coast,looks outdated (copyright 2022); missing meta description,https://www.instagram.com/halorentals,https://www.facebook.com/halorentals,,https://halorentals.com.au/,0.0,0,,https://www.google.com/maps/search/?api=1&query=Halo+Luxury+Car+Rentals+Gold+Coast,web:halorentals.com.au
28,C,Cupcake Elegance,wedding cakes,Sunshine Coast,looks outdated (copyright 2018); missing meta description,https://www.instagram.com/cupcake_elegance,https://www.facebook.com/pg/Angela.CupcakeElegance,,https://cupcake-elegance.com.au/,0.0,0,,https://www.google.com/maps/search/?api=1&query=Cupcake+Elegance+Sunshine+Coast,web:cupcake-elegance.com.au
28,C,Suncoast Wedding & Event Hire Co.,event hire,Sunshine Coast,looks outdated (copyright 2023); missing meta description,https://www.instagram.com/elopementsnoosa,https://www.facebook.com/elopementsnoosa,,https://suncoastweddingco.com/,0.0,0,,https://www.google.com/maps/search/?api=1&query=Suncoast+Wedding+%26+Event+Hire+Co.+Sunshine+Coast,web:suncoastweddingco.com
28,C,Andrea Schumacher Celebrant,celebrant,Other QLD,looks outdated (copyright 2015); missing meta description,https://www.instagram.com/andrea_marriagecelebrant,https://www.facebook.com/AndreaSchumacherMarriageCelebrant,,https://scenicrimcelebrant.com.au/,0.0,0,,https://www.google.com/maps/search/?api=1&query=Andrea+Schumacher+Celebrant+Other+QLD,web:scenicrimcelebrant.com.au
28,C,Paul Skinner Celebrant (Whitsundays Online),celebrant,Other QLD,looks outdated (copyright 2023); missing meta description,https://www.instagram.com/paulskinner.marriagecelebrant,https://www.facebook.com/PaulSkinnerCelebrant,,https://whitsundaysonline.com/,0.0,0,,https://www.google.com/maps/search/?api=1&query=Paul+Skinner+Celebrant+%28Whitsundays+Online%29+Other+QLD,web:whitsundaysonline.com
25,C,By Sarah Jane,hair and makeup,Sunshine Coast,missing meta description; slow to load (4.5s),https://www.instagram.com/bysarahjane,https://www.facebook.com/bysarahjanemaleny,,https://www.bysarahjane.com.au/,0.0,0,,https://www.google.com/maps/search/?api=1&query=By+Sarah+Jane+Sunshine+Coast,web:bysarahjane.com.au
20,C,Two Hearts Bridal Studio,bridal shop,Brisbane,looks outdated (copyright 2016),https://www.instagram.com/twoheartsbridalstudio,https://www.facebook.com/TwoHeartsBridalStudio,,https://www.twoheartsbridalstudio.com/,0.0,0,,https://www.google.com/maps/search/?api=1&query=Two+Hearts+Bridal+Studio+Brisbane,web:twoheartsbridalstudio.com
20,C,The Wright Celebrant,celebrant,Brisbane,looks outdated (copyright 2018),https://www.instagram.com/thewrightcelebrant,https://www.facebook.com/pg/The.Wright.Celebrant/reviews,,https://thewrightcelebrant.com.au/,0.0,0,,https://www.google.com/maps/search/?api=1&query=The+Wright+Celebrant+Brisbane,web:thewrightcelebrant.com.au
20,C,Zoe Clark Cakes,wedding cakes,Brisbane,looks outdated (copyright 2020),https://www.instagram.com/zoeclarkcakes,https://www.facebook.com/pg/zoeclarkcakes,,https://www.zoeclarkcakes.com/,0.0,0,,https://www.google.com/maps/search/?api=1&query=Zoe+Clark+Cakes+Brisbane,web:zoeclarkcakes.com
20,C,Katie Young's Cakes,wedding cakes,Brisbane,looks outdated (copyright 2021),https://www.instagram.com/katieyoungscakes,https://www.facebook.com/pages/Katie-Youngs-Cakes/152324272365,,https://www.katieyoungscakes.com/,0.0,0,,https://www.google.com/maps/search/?api=1&query=Katie+Young%27s+Cakes+Brisbane,web:katieyoungscakes.com
20,C,Bella Brides,hair and makeup,Brisbane,looks outdated (copyright 2015),https://www.instagram.com/bella_brides,https://www.facebook.com/bellabrideshairandmakeup,,https://www.bellabrides.com.au/,0.0,0,,https://www.google.com/maps/search/?api=1&query=Bella+Brides+Brisbane,web:bellabrides.com.au
20,C,Coolibah Downs Private Estate,wedding venue,Gold Coast,looks outdated (copyright 2023),https://www.instagram.com/coolibahdownsprivateestate,https://www.facebook.com/CoolibahDowns,,https://www.coolibahdowns.com.au/,0.0,0,,https://www.google.com/maps/search/?api=1&query=Coolibah+Downs+Private+Estate+Gold+Coast,web:coolibahdowns.com.au
20,C,Rosa & Mary's Bridal,bridal shop,Gold Coast,looks outdated (copyright 2019),https://www.instagram.com/rosaandmarysbridal,https://www.facebook.com/Rosaandmarybridal,,https://rosaandmarybridal.com.au/,0.0,0,,https://www.google.com/maps/search/?api=1&query=Rosa+%26+Mary%27s+Bridal+Gold+Coast,web:rosaandmarybridal.com.au
20,C,Dylan Bond Celebrant,celebrant,Gold Coast,looks outdated (copyright 2020),https://www.instagram.com/dylanbondcelebrantmc,https://www.facebook.com/dylanbondcelebrantmc,,https://dylanbond.com.au/,0.0,0,,https://www.google.com/maps/search/?api=1&query=Dylan+Bond+Celebrant+Gold+Coast,web:dylanbond.com.au
20,C,Love Story Ceremonies,celebrant,Gold Coast,looks outdated (copyright 2019),http://instagram.com/j0cardozo,https://www.facebook.com/lovestoryceremonies,,https://www.lovestoryceremonies.com/,0.0,0,,https://www.google.com/maps/search/?api=1&query=Love+Story+Ceremonies+Gold+Coast,web:lovestoryceremonies.com
20,C,Cake Me Gourmet,wedding cakes,Gold Coast,looks outdated (copyright 2023),https://www.instagram.com/cakemegourmetgc,https://www.facebook.com/CAKEMEGOURMETGC,,https://www.cakemegourmet.com/,0.0,0,,https://www.google.com/maps/search/?api=1&query=Cake+Me+Gourmet+Gold+Coast,web:cakemegourmet.com
20,C,Royal Cakes by Nadia,wedding cakes,Gold Coast,looks outdated (copyright 2023),https://www.instagram.com/royalcakesbynadia,https://www.facebook.com/profile.php,,https://www.royalcakesbynadia.com/,0.0,0,,https://www.google.com/maps/search/?api=1&query=Royal+Cakes+by+Nadia+Gold+Coast,web:royalcakesbynadia.com
20,C,Amanda Higl,hair and makeup,Gold Coast,looks outdated (copyright 2019),https://www.instagram.com/amandahigl_hairandmakeup,https://facebook.com/151747901559691,,https://amandahigl.com.au/,0.0,0,,https://www.google.com/maps/search/?api=1&query=Amanda+Higl+Gold+Coast,web:amandahigl.com.au
20,C,One Love Bridal,hair and makeup,Gold Coast,looks outdated (copyright 2023),https://www.instagram.com/onelovebridal.au,https://www.facebook.com/people/One-Love-Bridal/100064081482842,,https://www.onelovebridal.com/,0.0,0,,https://www.google.com/maps/search/?api=1&query=One+Love+Bridal+Gold+Coast,web:onelovebridal.com
20,C,Natalie Lucas Makeup,hair and makeup,Gold Coast,looks outdated (copyright 2022),https://instagram.com/natalielucasmua,https://www.facebook.com/natalielucasmua,,https://www.natalielucasmakeup.com/,0.0,0,,https://www.google.com/maps/search/?api=1&query=Natalie+Lucas+Makeup+Gold+Coast,web:natalielucasmakeup.com
20,C,The Gold Coast Bride,wedding planner or stylist,Gold Coast,looks outdated (copyright 2019),https://instagram.com/goldcoastbride,http://www.facebook.com/thegoldcoastbride,,https://www.thegoldcoastbride.com.au/,0.0,0,,https://www.google.com/maps/search/?api=1&query=The+Gold+Coast+Bride+Gold+Coast,web:thegoldcoastbride.com.au
20,C,The Memory Makers,DJ or band,Gold Coast,looks outdated (copyright 2023),https://www.instagram.com/thememorymakersmusic,https://www.facebook.com/thememorymakersmusic,,https://www.thememorymakers.com.au/,0.0,0,,https://www.google.com/maps/search/?api=1&query=The+Memory+Makers+Gold+Coast,web:thememorymakers.com.au
20,C,Gold Coast Luxury Vintage Car Hire,wedding cars,Gold Coast,looks outdated (copyright 2023),,https://www.facebook.com/GCLuxuryVintageCarHire,,https://gcluxuryvintagecarhire.com.au/,0.0,0,,https://www.google.com/maps/search/?api=1&query=Gold+Coast+Luxury+Vintage+Car+Hire+Gold+Coast,web:gcluxuryvintagecarhire.com.au
20,C,Caity the Celebrant,celebrant,Sunshine Coast,looks outdated (copyright 2021),https://www.instagram.com/caitythecelebrant,https://www.facebook.com/Caitythecelebrant,,https://www.caitythecelebrant.com.au/,0.0,0,,https://www.google.com/maps/search/?api=1&query=Caity+the+Celebrant+Sunshine+Coast,web:caitythecelebrant.com.au
20,C,The Bride's Tree,wedding venue,Sunshine Coast,looks outdated (copyright 2023),https://www.instagram.com/thebridestree,https://www.facebook.com/thebridestree,,https://www.thebridestree.com.au/,0.0,0,,https://www.google.com/maps/search/?api=1&query=The+Bride%27s+Tree+Sunshine+Coast,web:thebridestree.com.au
20,C,Allure Bridal Stylists,hair and makeup,Sunshine Coast,looks outdated (copyright 2017),https://www.instagram.com/allurebridalstylists,http://www.facebook.com/allurebridalstylists,,https://www.allurebridalstylists.com/,0.0,0,,https://www.google.com/maps/search/?api=1&query=Allure+Bridal+Stylists+Sunshine+Coast,web:allurebridalstylists.com
20,C,Lovebird Weddings,wedding planner or stylist,Sunshine Coast,looks outdated (copyright 2023),https://www.instagram.com/lovebirdweddings,https://www.facebook.com/lovebirdsandfriends,,https://www.lovebirdweddings.com.au/,0.0,0,,https://www.google.com/maps/search/?api=1&query=Lovebird+Weddings+Sunshine+Coast,web:lovebirdweddings.com.au
20,C,Noosa Wedding and Events,wedding planner or stylist,Sunshine Coast,looks outdated (copyright 2019),https://instagram.com/noosaweddingandevents,http://www.facebook.com/noosaweddingandevents,,https://www.noosaweddingandevents.com/,0.0,0,,https://www.google.com/maps/search/?api=1&query=Noosa+Wedding+and+Events+Sunshine+Coast,web:noosaweddingandevents.com
20,C,The Orange Blossom,florist,Sunshine Coast,looks outdated (copyright 2023),https://www.instagram.com/theorangeblossom,https://www.facebook.com/theorangeblossomaus,,https://www.theorangeblossom.com.au/,0.0,0,,https://www.google.com/maps/search/?api=1&query=The+Orange+Blossom+Sunshine+Coast,web:theorangeblossom.com.au
20,C,Urban Botanica Noosa,florist,Sunshine Coast,looks outdated (copyright 2019),https://instagram.com/urbanbotanica_,https://www.facebook.com/Urbanbotanica,,https://www.urbanbotanicanoosa.com/,0.0,0,,https://www.google.com/maps/search/?api=1&query=Urban+Botanica+Noosa+Sunshine+Coast,web:urbanbotanicanoosa.com
20,C,SweetP Cakes and Cookies,wedding cakes,Sunshine Coast,looks outdated (copyright 2019),https://www.instagram.com/sweetpcakesandcookies,https://www.facebook.com/SweetPCakesandCookies,,https://www.sweetpcakesandcookies.com/,0.0,0,,https://www.google.com/maps/search/?api=1&query=SweetP+Cakes+and+Cookies+Sunshine+Coast,web:sweetpcakesandcookies.com
20,C,Grace & Style,hair and makeup,Ipswich,looks outdated (copyright 2022),http://instagram.com/graceandstylemakeup,http://www.facebook.com/GraceAndStyle,,https://www.graceandstyle.com.au/,0.0,0,,https://www.google.com/maps/search/?api=1&query=Grace+%26+Style+Ipswich,web:graceandstyle.com.au
20,C,Diggers Services Club,wedding venue,Logan,looks outdated (copyright 2023),,https://www.facebook.com/diggersservicesclub,,https://www.diggersservicesclub.com.au/,0.0,0,,https://www.google.com/maps/search/?api=1&query=Diggers+Services+Club+Logan,web:diggersservicesclub.com.au
20,C,Ann's Unique Cakes,wedding cakes,Logan,looks outdated (copyright 2020),,https://www.facebook.com/AnnsUniqueCake,,https://www.annsuniquecakes.com/,0.0,0,,https://www.google.com/maps/search/?api=1&query=Ann%27s+Unique+Cakes+Logan,web:annsuniquecakes.com
20,C,Redlands Registry Weddings,celebrant,Redlands,looks outdated (copyright 2023),https://www.instagram.com/redlands_registry_weddings,,,https://www.redlandsregistryweddings.com.au/,0.0,0,,https://www.google.com/maps/search/?api=1&query=Redlands+Registry+Weddings+Redlands,web:redlandsregistryweddings.com.au
20,C,Serendipity Celebrations,celebrant,Toowoomba,looks outdated (copyright 2023),https://www.instagram.com/serendipitycelebrationsqld,https://www.facebook.com/2118452931802956,,https://serendipitycelebrations.com.au/,0.0,0,,https://www.google.com/maps/search/?api=1&query=Serendipity+Celebrations+Toowoomba,web:serendipitycelebrations.com.au
20,C,Jillicious Cakes,wedding cakes,Toowoomba,looks outdated (copyright 2023),https://www.instagram.com/jilliciouscakes,https://www.facebook.com/Jill-i-cious-Cakes-201876479872403,,https://www.jill-i-ciouscakes.com/,0.0,0,,https://www.google.com/maps/search/?api=1&query=Jillicious+Cakes+Toowoomba,web:jill-i-ciouscakes.com
20,C,Belle Studio,bridal shop,Toowoomba,looks outdated (copyright 2021),https://www.instagram.com/bellestudioboutique,https://www.facebook.com/carolyntaylorsmith13,,https://bellestudioboutique.com.au/,0.0,0,,https://www.google.com/maps/search/?api=1&query=Belle+Studio+Toowoomba,web:bellestudioboutique.com.au
20,C,Marry Me Amanda,celebrant,Other QLD,looks outdated (copyright 2023),https://www.instagram.com/marrymeamanda,https://www.facebook.com/profile.php,,https://www.marrymeamanda.com/,0.0,0,,https://www.google.com/maps/search/?api=1&query=Marry+Me+Amanda+Other+QLD,web:marrymeamanda.com
20,C,Leigh McCoy,hair and makeup,Other QLD,looks outdated (copyright 2021),https://www.instagram.com/leighmccoy_/channel,,,https://www.leighmccoy.com/,0.0,0,,https://www.google.com/maps/search/?api=1&query=Leigh+McCoy+Other+QLD,web:leighmccoy.com
20,C,Cairns Secret Garden,wedding venue,Cairns,looks outdated (copyright 2022),https://www.instagram.com/cairnssecretgardenweddingvenue,https://www.facebook.com/cairnssecretgardenweddingvenue,,https://www.cairnssecretgarden.au/,0.0,0,,https://www.google.com/maps/search/?api=1&query=Cairns+Secret+Garden+Cairns,web:cairnssecretgarden.au
20,C,Cairns Weddings - Kay Earl Celebrant,celebrant,Cairns,looks outdated (copyright 2019),,https://www.facebook.com/CairnsWeddings,,https://cairnsweddings.com.au/,0.0,0,,https://www.google.com/maps/search/?api=1&query=Cairns+Weddings+-+Kay+Earl+Celebrant+Cairns,web:cairnsweddings.com.au
20,C,Holy Matrimony Celebrant,celebrant,Cairns,looks outdated (copyright 2023),https://www.instagram.com/holymatrimonty,https://www.facebook.com/holymatrimonty,,https://www.holymatrimonty.com.au/,0.0,0,,https://www.google.com/maps/search/?api=1&query=Holy+Matrimony+Celebrant+Cairns,web:holymatrimonty.com.au
20,C,The Love Chronicles,celebrant,Other QLD,looks outdated (copyright 2015),https://www.instagram.com/wed_by_anna,https://www.facebook.com/portdouglasmarriages,,https://thelovechronicles.com.au/,0.0,0,,https://www.google.com/maps/search/?api=1&query=The+Love+Chronicles+Other+QLD,web:thelovechronicles.com.au
20,C,TBee Blooms,florist,Townsville,looks outdated (copyright 2023),,https://www.facebook.com/TBeeblooms,,https://tbeeblooms.com/,0.0,0,,https://www.google.com/maps/search/?api=1&query=TBee+Blooms+Townsville,web:tbeeblooms.com
20,C,Chevy the Celebrant,celebrant,Mackay,looks outdated (copyright 2022),https://www.instagram.com/chevythecelebrant,https://www.facebook.com/chevythecelebrant,,https://chevythecelebrant.com.au/,0.0,0,,https://www.google.com/maps/search/?api=1&query=Chevy+the+Celebrant+Mackay,web:chevythecelebrant.com.au
20,C,Tamara Brown Makeup,hair and makeup,Mackay,looks outdated (copyright 2023),https://www.instagram.com/tamarabrownmakeup,https://www.facebook.com/makeupbytamqld,,https://www.tamarabrownmakeup.com.au/,0.0,0,,https://www.google.com/maps/search/?api=1&query=Tamara+Brown+Makeup+Mackay,web:tamarabrownmakeup.com.au
20,C,Mackay Cakes,wedding cakes,Mackay,looks outdated (copyright 2015),https://www.instagram.com/exclusivecakes4all,https://www.facebook.com/Exclusivecakes,,https://mackaycakes.com.au/,0.0,0,,https://www.google.com/maps/search/?api=1&query=Mackay+Cakes+Mackay,web:mackaycakes.com.au
20,C,Jojo's Bakehouse,wedding cakes,Mackay,looks outdated (copyright 2011),http://instagram.com/jojos_bakehouse,http://www.facebook.com/jojobakehouse,,https://www.jojosbakehouse.com.au/,0.0,0,,https://www.google.com/maps/search/?api=1&query=Jojo%27s+Bakehouse+Mackay,web:jojosbakehouse.com.au
20,C,Deanna McKeowen Whitsunday Wedding Celebrant,celebrant,Other QLD,looks outdated (copyright 2022),https://www.instagram.com/deannamckeowen_celebrant,https://www.facebook.com/deannamckeowenwhitsundayweddingcelebrant,,https://www.whitsundayweddingcelebrant.com.au/,0.0,0,,https://www.google.com/maps/search/?api=1&query=Deanna+McKeowen+Whitsunday+Wedding+Celebrant+Other+QLD,web:whitsundayweddingcelebrant.com.au
20,C,Rockhampton Florist,florist,Rockhampton,looks outdated (copyright 2023),https://www.instagram.com/rockhamptonflorist,https://www.facebook.com/rtonflorist1,,https://www.rockhamptonflorist.com.au/,0.0,0,,https://www.google.com/maps/search/?api=1&query=Rockhampton+Florist+Rockhampton,web:rockhamptonflorist.com.au
20,C,Heather Sanders Celebrant,celebrant,Rockhampton,looks outdated (copyright 2021),https://www.instagram.com/heathersanderscelebrant,https://www.facebook.com/heathersanderscelebrant,,https://www.heathersanderscelebrant.com.au/,0.0,0,,https://www.google.com/maps/search/?api=1&query=Heather+Sanders+Celebrant+Rockhampton,web:heathersanderscelebrant.com.au
20,C,Cutting Edge Boutique,hair and makeup,Rockhampton,looks outdated (copyright 2021),https://www.instagram.com/cuttingedgeboutique_yeppoon,https://www.facebook.com/cuttingedgeboutique,,https://www.cuttingedgeboutique.com.au/,0.0,0,,https://www.google.com/maps/search/?api=1&query=Cutting+Edge+Boutique+Rockhampton,web:cuttingedgeboutique.com.au
20,C,Raw Blooms,florist,Bundaberg,looks outdated (copyright 2023),https://www.instagram.com/rawbloomsgingin,https://www.facebook.com/rawbloomsgingin,,https://www.rawblooms.com.au/,0.0,0,,https://www.google.com/maps/search/?api=1&query=Raw+Blooms+Bundaberg,web:rawblooms.com.au
17,C,White Atelier Bridal,bridal shop,Brisbane,slow to load (3.9s),https://www.instagram.com/whiteatelierbridal,https://www.facebook.com/whiteatelierbridal,,https://whiteatelierbridal.com/,0.0,0,,https://www.google.com/maps/search/?api=1&query=White+Atelier+Bridal+Brisbane,web:whiteatelierbridal.com
17,C,Melanie Jane Weddings and Events,wedding planner or stylist,Brisbane,slow to load (3.7s),https://www.instagram.com/melaniejaneweddingsandevents,https://www.facebook.com/melaniejaneweddingsandevents,,https://melaniejaneweddingsandevents.com.au/,0.0,0,,https://www.google.com/maps/search/?api=1&query=Melanie+Jane+Weddings+and+Events+Brisbane,web:melaniejaneweddingsandevents.com.au
17,C,Professional DJs,DJ or band,Brisbane,slow to load (5.5s),https://www.instagram.com/colliersdjmcphotobooths,https://www.facebook.com/paulcollierweddingdj.com.au,,https://www.professionaldjs.com.au/,0.0,0,,https://www.google.com/maps/search/?api=1&query=Professional+DJs+Brisbane,web:professionaldjs.com.au
17,C,Lark Music,DJ or band,Brisbane,slow to load (7.4s),https://www.instagram.com/larkmusic,https://www.facebook.com/LarkMusic,,https://larkmusic.com.au/,0.0,0,,https://www.google.com/maps/search/?api=1&query=Lark+Music+Brisbane,web:larkmusic.com.au
17,C,The Island Gold Coast,wedding venue,Gold Coast,slow to load (3.4s),https://www.instagram.com/theislandgoldcoast,,,https://www.theislandgoldcoast.com.au/,0.0,0,,https://www.google.com/maps/search/?api=1&query=The+Island+Gold+Coast+Gold+Coast,web:theislandgoldcoast.com.au
17,C,Ceremonies by Emma,celebrant,Sunshine Coast,slow to load (6.1s),https://www.instagram.com/ceremoniesbyemma_,https://www.facebook.com/ceremoniesbyemma,,https://ceremoniesbyemma.com.au/,0.0,0,,https://www.google.com/maps/search/?api=1&query=Ceremonies+by+Emma+Sunshine+Coast,web:ceremoniesbyemma.com.au
17,C,Lea Cake Design,wedding cakes,Sunshine Coast,slow to load (8.6s),https://www.instagram.com/lea.cake.design,https://www.facebook.com/leacakeau,,https://leacakedesign.com.au/,0.0,0,,https://www.google.com/maps/search/?api=1&query=Lea+Cake+Design+Sunshine+Coast,web:leacakedesign.com.au
17,C,ZO&Co.,wedding cakes,Sunshine Coast,slow to load (6.8s),https://www.instagram.com/zoandcocakes%20,https://www.facebook.com/zoandcocakes,,https://zoandco.com.au/,0.0,0,,https://www.google.com/maps/search/?api=1&query=ZO%26Co.+Sunshine+Coast,web:zoandco.com.au
17,C,Hayley Patterson,hair and makeup,Sunshine Coast,slow to load (8.4s),https://www.instagram.com/hayleypatterson_hmua,,,https://hayleypatterson.com.au/,0.0,0,,https://www.google.com/maps/search/?api=1&query=Hayley+Patterson+Sunshine+Coast,web:hayleypatterson.com.au
17,C,Love Note Music,DJ or band,Sunshine Coast,slow to load (3.9s),https://www.instagram.com/lovenotemusic,https://www.facebook.com/love.note.music,,https://lovenotemusic.com.au/,0.0,0,,https://www.google.com/maps/search/?api=1&query=Love+Note+Music+Sunshine+Coast,web:lovenotemusic.com.au
17,C,My Driver Noosa,wedding cars,Sunshine Coast,slow to load (5.8s),https://www.instagram.com/mydriver_noosa,https://www.facebook.com/mydrivernoosa,,https://mydrivernoosa.com.au/,0.0,0,,https://www.google.com/maps/search/?api=1&query=My+Driver+Noosa+Sunshine+Coast,web:mydrivernoosa.com.au
17,C,Noosa Woody Hire,wedding cars,Sunshine Coast,slow to load (4.6s),https://www.instagram.com/noosawoodyhire,https://www.facebook.com/noosawoodyhire,,https://noosawoodyhire.com.au/,0.0,0,,https://www.google.com/maps/search/?api=1&query=Noosa+Woody+Hire+Sunshine+Coast,web:noosawoodyhire.com.au
17,C,Classic Mustang Event Car Hire,wedding cars,Sunshine Coast,slow to load (3.5s),https://www.instagram.com/classicmustangeventcarhire,https://www.facebook.com/ClassicMustangEventCarHire,,https://classicmustangeventcarhire.com.au/,0.0,0,,https://www.google.com/maps/search/?api=1&query=Classic+Mustang+Event+Car+Hire+Sunshine+Coast,web:classicmustangeventcarhire.com.au
17,C,Makeup by Marlies,hair and makeup,Sunshine Coast,slow to load (3.9s),http://instagram.com/makeup_by_marlies,https://www.facebook.com/makeupbymarlies.com.au,,https://makeupbymarlies.com.au/,0.0,0,,https://www.google.com/maps/search/?api=1&query=Makeup+by+Marlies+Sunshine+Coast,web:makeupbymarlies.com.au
17,C,Darling St Chapel,wedding venue,Ipswich,slow to load (6.4s),,https://www.facebook.com/Darling-St-Chapel-207432589284855,,https://darlingstchapel.com.au/,0.0,0,,https://www.google.com/maps/search/?api=1&query=Darling+St+Chapel+Ipswich,web:darlingstchapel.com.au
17,C,Scarborough Seaside Flowers,florist,Moreton Bay,slow to load (7.0s),https://www.instagram.com/sseasideflowers,https://www.facebook.com/scarboroughseasideflowers,,https://www.scarboroughseasideflowers.com.au/,0.0,0,,https://www.google.com/maps/search/?api=1&query=Scarborough+Seaside+Flowers+Moreton+Bay,web:scarboroughseasideflowers.com.au
17,C,Westridge Florist,florist,Toowoomba,slow to load (4.2s),https://www.instagram.com/westridgeflorist,https://www.facebook.com/westridgeflorist,,https://westridgeflorist.com.au/,0.0,0,,https://www.google.com/maps/search/?api=1&query=Westridge+Florist+Toowoomba,web:westridgeflorist.com.au
17,C,NQCelebrations,celebrant,Cairns,slow to load (3.4s),https://instagram.com/NQCelebrations,https://www.facebook.com/NQCelebrationsCairnsMarriageCelebrant,,https://nqcelebrations.com/,0.0,0,,https://www.google.com/maps/search/?api=1&query=NQCelebrations+Cairns,web:nqcelebrations.com
17,C,Say I Do Celebrancy,celebrant,Mackay,slow to load (5.0s),https://www.instagram.com/say_i_do_celebrancy,,,https://sayidocelebrancy.com/,0.0,0,,https://www.google.com/maps/search/?api=1&query=Say+I+Do+Celebrancy+Mackay,web:sayidocelebrancy.com
17,C,Villa Botanica,wedding venue,Other QLD,slow to load (3.2s),https://www.instagram.com/villabotanicawhitsundays,https://www.facebook.com/villabotanica,,https://villabotanica.com.au/,0.0,0,,https://www.google.com/maps/search/?api=1&query=Villa+Botanica+Other+QLD,web:villabotanica.com.au
17,C,Villa Paradise Cove,wedding venue,Other QLD,slow to load (5.4s),https://www.instagram.com/paradisecovewhitsundays,https://www.facebook.com/paradisecovewhitsundays,,https://villaparadisecove.com.au/,0.0,0,,https://www.google.com/maps/search/?api=1&query=Villa+Paradise+Cove+Other+QLD,web:villaparadisecove.com.au
17,C,Registry Weddings Whitsundays,celebrant,Other QLD,slow to load (4.2s),https://www.instagram.com/kyliemcintoshcelebrant,https://www.facebook.com/kyliemcintoshweddingcelebrant,,https://www.registryweddingswhitsundays.com.au/,0.0,0,,https://www.google.com/maps/search/?api=1&query=Registry+Weddings+Whitsundays+Other+QLD,web:registryweddingswhitsundays.com.au
17,C,Boho Events & Styling,wedding planner or stylist,Hervey Bay,slow to load (3.2s),https://www.instagram.com/bohoeventsstyling,https://www.facebook.com/BohoEventsStyling,,https://bohoeventsandstyling.com.au/,0.0,0,,https://www.google.com/maps/search/?api=1&query=Boho+Events+%26+Styling+Hervey+Bay,web:bohoeventsandstyling.com.au
17,C,Marriage Fraser Coast,celebrant,Hervey Bay,slow to load (4.3s),,https://facebook.com/434128746732264,,https://marriagefrasercoast.au/,0.0,0,,https://www.google.com/maps/search/?api=1&query=Marriage+Fraser+Coast+Hervey+Bay,web:marriagefrasercoast.au
17,C,Naturally SAS Hair & Beauty,hair and makeup,Other QLD,slow to load (3.0s),https://www.instagram.com/naturally_sas_hair_beauty,https://www.facebook.com/NaturallySAS,,https://naturallysas.com.au/,0.0,0,,https://www.google.com/maps/search/?api=1&query=Naturally+SAS+Hair+%26+Beauty+Other+QLD,web:naturallysas.com.au
8,C,Missy La'Belle,florist,Gold Coast,missing meta description,https://instagram.com/missylabelle,http://www.facebook.com/missylabelleflowers,,https://www.missylabelle.com/,0.0,0,,https://www.google.com/maps/search/?api=1&query=Missy+La%27Belle+Gold+Coast,web:missylabelle.com
8,C,Hello Little Crumb,wedding cakes,Gold Coast,missing meta description,https://www.instagram.com/hellolittlecrumb,,,https://hellolittlecrumb.com/,0.0,0,,https://www.google.com/maps/search/?api=1&query=Hello+Little+Crumb+Gold+Coast,web:hellolittlecrumb.com
8,C,Event Stylist & Co,wedding planner or stylist,Gold Coast,missing meta description,https://www.instagram.com/eventstylistandco,,,https://www.eventstylistandco.com/,0.0,0,,https://www.google.com/maps/search/?api=1&query=Event+Stylist+%26+Co+Gold+Coast,web:eventstylistandco.com
8,C,Coolum Surf Club,wedding venue,Sunshine Coast,missing meta description,https://www.instagram.com/coolumsurfclub,https://www.facebook.com/CoolumSurfClub,,https://coolumsurfclub.com/,0.0,0,,https://www.google.com/maps/search/?api=1&query=Coolum+Surf+Club+Sunshine+Coast,web:coolumsurfclub.com
8,C,The Sunny Celebrant,celebrant,Sunshine Coast,missing meta description,https://www.instagram.com/natalieskye_thesunnycelebrant,https://www.facebook.com/thesunnycelebrantnatalieskye,,https://www.thesunnycelebrant.com.au/,0.0,0,,https://www.google.com/maps/search/?api=1&query=The+Sunny+Celebrant+Sunshine+Coast,web:thesunnycelebrant.com.au
8,C,Reid's Place,wedding venue,Moreton Bay,missing meta description,,https://www.facebook.com/reidsplacecelebrations,,https://www.reidsplace.com.au/,0.0,0,,https://www.google.com/maps/search/?api=1&query=Reid%27s+Place+Moreton+Bay,web:reidsplace.com.au
8,C,Brides of Toowoomba,bridal shop,Toowoomba,missing meta description,https://www.instagram.com/bridesoftoowoomba,https://www.facebook.com/ferraritoowoomba,,https://www.bridesoftoowoomba.com.au/,0.0,0,,https://www.google.com/maps/search/?api=1&query=Brides+of+Toowoomba+Toowoomba,web:bridesoftoowoomba.com.au
8,C,Jacqueline May Bride,bridal shop,Toowoomba,missing meta description,https://www.instagram.com/jacquelinemaybride,,,https://jacquelinemaybride.com.au/,0.0,0,,https://www.google.com/maps/search/?api=1&query=Jacqueline+May+Bride+Toowoomba,web:jacquelinemaybride.com.au
8,C,Flowers by Wynne,florist,Other QLD,missing meta description,https://www.instagram.com/flowersbywynne,https://www.facebook.com/flowersbywynne/photos,,https://flowersbywynne.com.au/,0.0,0,,https://www.google.com/maps/search/?api=1&query=Flowers+by+Wynne+Other+QLD,web:flowersbywynne.com.au
8,C,Cakes on Carthew,wedding cakes,Townsville,missing meta description,,https://www.facebook.com/cakesoncarthew,,https://www.cakesoncarthew.com/,0.0,0,,https://www.google.com/maps/search/?api=1&query=Cakes+on+Carthew+Townsville,web:cakesoncarthew.com
8,C,Young Australian Hotel,wedding venue,Bundaberg,missing meta description,https://instagram.com/youngaussiebundy,https://www.facebook.com/YoungAustralianHotel,,https://youngaustralianhotel.com.au/,0.0,0,,https://www.google.com/maps/search/?api=1&query=Young+Australian+Hotel+Bundaberg,web:youngaustralianhotel.com.au
8,C,Blooms & Petals Florist,florist,Hervey Bay,missing meta description,,https://www.facebook.com/bloomsandpetalsfloristherveybay,,https://bloomsandpetalsflorist.com.au/,0.0,0,,https://www.google.com/maps/search/?api=1&query=Blooms+%26+Petals+Florist+Hervey+Bay,web:bloomsandpetalsflorist.com.au
0,C,Hillstone St Lucia,wedding venue,Brisbane,,https://www.instagram.com/hillstonestlucia,https://www.facebook.com/@HillstoneStLucia,,https://www.hillstonestlucia.com.au/,0.0,0,,https://www.google.com/maps/search/?api=1&query=Hillstone+St+Lucia+Brisbane,web:hillstonestlucia.com.au
0,C,Cloudland,wedding venue,Brisbane,,https://www.instagram.com/cloudlandbrisbane,https://www.facebook.com/cloudlandbrisbane,,https://www.cloudland.tv/,0.0,0,,https://www.google.com/maps/search/?api=1&query=Cloudland+Brisbane,web:cloudland.tv
0,C,The Refinery,wedding venue,Brisbane,,https://www.instagram.com/therefinery__,https://www.facebook.com/therefineryevents,,https://refinery-events.com/,0.0,0,,https://www.google.com/maps/search/?api=1&query=The+Refinery+Brisbane,web:refinery-events.com
0,C,The Lush Lily,florist,Brisbane,,https://www.instagram.com/thelushlily,,,https://thelushlily.com.au/,0.0,0,,https://www.google.com/maps/search/?api=1&query=The+Lush+Lily+Brisbane,web:thelushlily.com.au
0,C,Stem Design,florist,Brisbane,,https://www.instagram.com/stemdesignflorals,https://www.facebook.com/stemdesignflorals,,https://stemdesign.com.au/,0.0,0,,https://www.google.com/maps/search/?api=1&query=Stem+Design+Brisbane,web:stemdesign.com.au
0,C,A&T Blooms,florist,Brisbane,,https://www.instagram.com/aandtblooms,https://www.facebook.com/A-T-Blooms-102124741527563,,https://www.aandtblooms.com.au/,0.0,0,,https://www.google.com/maps/search/?api=1&query=A%26T+Blooms+Brisbane,web:aandtblooms.com.au
0,C,Poco Posy,florist,Brisbane,,https://www.instagram.com/pocoposy,https://www.facebook.com/pocoposy,,https://www.pocoposy.com.au/,0.0,0,,https://www.google.com/maps/search/?api=1&query=Poco+Posy+Brisbane,web:pocoposy.com.au
0,C,Blooms by Bridie,florist,Brisbane,,https://www.instagram.com/bloomsbybridie,https://www.facebook.com/451601662331386,,https://bloomsbybridie.com.au/,0.0,0,,https://www.google.com/maps/search/?api=1&query=Blooms+by+Bridie+Brisbane,web:bloomsbybridie.com.au
0,C,Hart & Flowers,florist,Brisbane,,https://www.instagram.com/hartandflowers,https://www.facebook.com/hartandflowers,,https://hartandflowers.com/,0.0,0,,https://www.google.com/maps/search/?api=1&query=Hart+%26+Flowers+Brisbane,web:hartandflowers.com
0,C,Eliau Floral Design,florist,Brisbane,,https://www.instagram.com/eliaufloraldesign,https://www.facebook.com/eliaufloraldesign,,https://www.eliaufloraldesign.com/,0.0,0,,https://www.google.com/maps/search/?api=1&query=Eliau+Floral+Design+Brisbane,web:eliaufloraldesign.com
0,C,Bayside Bridal,bridal shop,Brisbane,,https://www.instagram.com/baysidebridal,https://www.facebook.com/baysidebridal,,https://www.baysidebridal.com.au/,0.0,0,,https://www.google.com/maps/search/?api=1&query=Bayside+Bridal+Brisbane,web:baysidebridal.com.au
0,C,Angelic Bridal,bridal shop,Brisbane,,https://www.instagram.com/angelicbridal,https://www.facebook.com/angelicbridalgowns,,https://angelicbridal.com.au/,0.0,0,,https://www.google.com/maps/search/?api=1&query=Angelic+Bridal+Brisbane,web:angelicbridal.com.au
0,C,The Art of Bridal,bridal shop,Brisbane,,https://www.instagram.com/theartofbridalau,http://facebook.com/theveilcollectivebridal,,https://www.theveilcollective.com/,0.0,0,,https://www.google.com/maps/search/?api=1&query=The+Art+of+Bridal+Brisbane,web:theveilcollective.com
0,C,Married By Luke,celebrant,Brisbane,,https://www.instagram.com/marriedbyluke_ldg,https://www.facebook.com/MarriedByLuke,,https://www.marriedbyluke.com.au/,0.0,0,,https://www.google.com/maps/search/?api=1&query=Married+By+Luke+Brisbane,web:marriedbyluke.com.au
0,C,Just Hitched by Jacinta,celebrant,Brisbane,,http://instagram.com/justhitchedbyjacinta,https://www.facebook.com/justhitchedbyjacinta,,https://www.justhitchedbyjacinta.com.au/,0.0,0,,https://www.google.com/maps/search/?api=1&query=Just+Hitched+by+Jacinta+Brisbane,web:justhitchedbyjacinta.com.au
0,C,Brendan Anning Celebrant,celebrant,Brisbane,,https://www.instagram.com/brendananningcelebrant,https://www.facebook.com/brendananningwedding,,https://brendananning.wedding/,0.0,0,,https://www.google.com/maps/search/?api=1&query=Brendan+Anning+Celebrant+Brisbane,web:brendananning.wedding
0,C,Dello Mano,wedding cakes,Brisbane,,https://www.instagram.com/dellomano,,,https://www.dellomano.com.au/,0.0,0,,https://www.google.com/maps/search/?api=1&query=Dello+Mano+Brisbane,web:dellomano.com.au
0,C,Frosted Indulgence,wedding cakes,Brisbane,,https://www.instagram.com/vas_frostedindulgence,http://www.facebook.com/pages/Frosted-Indulgence/116160795062085,,https://www.frostedindulgence.com.au/,0.0,0,,https://www.google.com/maps/search/?api=1&query=Frosted+Indulgence+Brisbane,web:frostedindulgence.com.au
0,C,Caldera.CAKING,wedding cakes,Brisbane,,https://www.instagram.com/caldera.caking,https://www.facebook.com/Caldera.CAKING,,https://calderacaking.au/,0.0,0,,https://www.google.com/maps/search/?api=1&query=Caldera.CAKING+Brisbane,web:calderacaking.au
0,C,Vanilla Pod,wedding cakes,Brisbane,,https://www.instagram.com/vanillapodspecialtycakes,https://www.facebook.com/vanillapodspecialtycakes,,https://www.vanillapod.com.au/,0.0,0,,https://www.google.com/maps/search/?api=1&query=Vanilla+Pod+Brisbane,web:vanillapod.com.au
0,C,Petal + Peach Cakes,wedding cakes,Brisbane,,https://www.instagram.com/petalandpeach.bakery,https://www.facebook.com/petalandpeachcakes,,https://petalandpeachbespokecakery.com/,0.0,0,,https://www.google.com/maps/search/?api=1&query=Petal+%2B+Peach+Cakes+Brisbane,web:petalandpeachbespokecakery.com
0,C,Confetti Cake Co.,wedding cakes,Brisbane,,http://www.instagram.com/confetticakeco_,http://www.facebook.com/confetticakeco,,https://www.confetticakeco.com/,0.0,0,,https://www.google.com/maps/search/?api=1&query=Confetti+Cake+Co.+Brisbane,web:confetticakeco.com
0,C,Brisbane Bridal Hair and Makeup,hair and makeup,Brisbane,,https://instagram.com/brisbanebridalhairandmakeup,https://facebook.com/brisbanebridalhairandmakeup,,https://www.brisbanebridalhairandmakeup.com.au/,0.0,0,,https://www.google.com/maps/search/?api=1&query=Brisbane+Bridal+Hair+and+Makeup+Brisbane,web:brisbanebridalhairandmakeup.com.au
0,C,Hollywood Brides,hair and makeup,Brisbane,,https://www.instagram.com/hollywoodbrides,https://www.facebook.com/hollywoodbrides,,https://hollywoodbrides.com.au/,0.0,0,,https://www.google.com/maps/search/?api=1&query=Hollywood+Brides+Brisbane,web:hollywoodbrides.com.au
0,C,Renae MUA,hair and makeup,Brisbane,,https://instagram.com/renae__mua,,,https://renaemua.com.au/,0.0,0,,https://www.google.com/maps/search/?api=1&query=Renae+MUA+Brisbane,web:renaemua.com.au
0,C,Blush'd Brides,hair and makeup,Brisbane,,https://www.instagram.com/blushdbrides,https://www.facebook.com/blushdbridesteam,,https://blushd.com.au/,0.0,0,,https://www.google.com/maps/search/?api=1&query=Blush%27d+Brides+Brisbane,web:blushd.com.au
0,C,Sophie Johnson MUA,hair and makeup,Brisbane,,https://www.instagram.com/sophiejohnson.mua,https://www.facebook.com/sjbridalandevents,,https://sophiejohnsonmua.com/,0.0,0,,https://www.google.com/maps/search/?api=1&query=Sophie+Johnson+MUA+Brisbane,web:sophiejohnsonmua.com
0,C,Davicii,wedding planner or stylist,Brisbane,,http://instagram.com/davicii.au,http://facebook.com/davicii.au,,https://www.davicii.au/,0.0,0,,https://www.google.com/maps/search/?api=1&query=Davicii+Brisbane,web:davicii.au
0,C,The Other Bridesmaid,wedding planner or stylist,Brisbane,,https://www.instagram.com/theotherbridesmaid,https://www.facebook.com/theotherbridesmaid,,https://www.theotherbridesmaid.com.au/,0.0,0,,https://www.google.com/maps/search/?api=1&query=The+Other+Bridesmaid+Brisbane,web:theotherbridesmaid.com.au
0,C,Vows and Things,wedding planner or stylist,Brisbane,,http://www.instagram.com/vowsandthings,,,https://www.vowsandthings.com.au/,0.0,0,,https://www.google.com/maps/search/?api=1&query=Vows+and+Things+Brisbane,web:vowsandthings.com.au
0,C,Hampton Event Hire,event hire,Brisbane,,https://www.instagram.com/hamptoneventhire,https://www.facebook.com/hamptoneventhire,,https://hamptoneventhire.com/,0.0,0,,https://www.google.com/maps/search/?api=1&query=Hampton+Event+Hire+Brisbane,web:hamptoneventhire.com
0,C,Brisbane City Celebrants (Jamie + Cara),celebrant,Brisbane,,http://www.instagram.com/brisbanecitycelebrants,https://www.facebook.com/JamieEastgateBrisbaneCelebrant,,https://brisbanecitycelebrants.com.au/,0.0,0,,https://www.google.com/maps/search/?api=1&query=Brisbane+City+Celebrants+%28Jamie+%2B+Cara%29+Brisbane,web:brisbanecitycelebrants.com.au
0,C,With Love - Brisbane Wedding Decorators,event hire,Brisbane,,https://www.instagram.com/brisbaneweddingdecorators,https://www.facebook.com/BrisbaneWeddingCeremonyDecorators,,https://brisbaneweddingdecorators.com.au/,0.0,0,,https://www.google.com/maps/search/?api=1&query=With+Love+-+Brisbane+Wedding+Decorators+Brisbane,web:brisbaneweddingdecorators.com.au
0,C,One Stop Wedding Shop,event hire,Brisbane,,https://www.instagram.com/onestopweddingshopbrisbane,https://www.facebook.com/OneStopWeddingShopBrisbane,,https://onestopweddingshop.com.au/,0.0,0,,https://www.google.com/maps/search/?api=1&query=One+Stop+Wedding+Shop+Brisbane,web:onestopweddingshop.com.au
0,C,Brandition,event hire,Brisbane,,https://instagram.com/brandition,https://facebook.com/brandition,,https://brandition.com.au/,0.0,0,,https://www.google.com/maps/search/?api=1&query=Brandition+Brisbane,web:brandition.com.au
0,C,McGee Entertainment,DJ or band,Brisbane,,https://www.instagram.com/mcgeeentertainment,https://www.facebook.com/mcgeeentertainmentau,,https://mcgeeentertainment.com.au/,0.0,0,,https://www.google.com/maps/search/?api=1&query=McGee+Entertainment+Brisbane,web:mcgeeentertainment.com.au
0,C,Explosive Entertainment,DJ or band,Brisbane,,https://www.instagram.com/explosivedjs,https://www.facebook.com/ExplosiveEntertainment.com.au,,https://explosiveentertainment.com.au/,0.0,0,,https://www.google.com/maps/search/?api=1&query=Explosive+Entertainment+Brisbane,web:explosiveentertainment.com.au
0,C,Steve Carlyle,DJ or band,Brisbane,,http://www.instagram.com/stevejcarlyle,http://www.facebook.com/stevecarlylemusic,,https://www.stevecarlyle.com.au/,0.0,0,,https://www.google.com/maps/search/?api=1&query=Steve+Carlyle+Brisbane,web:stevecarlyle.com.au
0,C,Graham Hobson Entertainment,DJ or band,Brisbane,,https://www.instagram.com/grahamhobsonent,https://www.facebook.com/graham.hobsonmusician,,https://www.grahamhobson.com/,0.0,0,,https://www.google.com/maps/search/?api=1&query=Graham+Hobson+Entertainment+Brisbane,web:grahamhobson.com
0,C,milimo,wedding cars,Brisbane,,https://www.instagram.com/milimobookings,https://www.facebook.com/milimo.com.au,,https://milimo.com.au/,0.0,0,,https://www.google.com/maps/search/?api=1&query=milimo+Brisbane,web:milimo.com.au
0,C,Tic Tac Tours,wedding cars,Brisbane,,,https://www.facebook.com/tictactours/videos/253143132243336,,https://tictactours.com.au/,0.0,0,,https://www.google.com/maps/search/?api=1&query=Tic+Tac+Tours+Brisbane,web:tictactours.com.au
0,C,Our Wedding Cars,wedding cars,Brisbane,,https://www.instagram.com/ourweddingcars,https://www.facebook.com/ourweddingcars,,https://www.ourweddingcars.com.au/,0.0,0,,https://www.google.com/maps/search/?api=1&query=Our+Wedding+Cars+Brisbane,web:ourweddingcars.com.au
0,C,Astra Limousines,wedding cars,Brisbane,,https://instagram.com/astra_limousines,https://facebook.com/astraweddingcars,,https://astralimousines.com.au/,0.0,0,,https://www.google.com/maps/search/?api=1&query=Astra+Limousines+Brisbane,web:astralimousines.com.au
0,C,Gold Coast Farmhouse,wedding venue,Gold Coast,,https://www.instagram.com/goldcoastfarmhouse,https://www.facebook.com/goldcoastfarmhouse,,https://goldcoastfarmhouse.com.au/,0.0,0,,https://www.google.com/maps/search/?api=1&query=Gold+Coast+Farmhouse+Gold+Coast,web:goldcoastfarmhouse.com.au
0,C,Bower Estate,wedding venue,Gold Coast,,https://www.instagram.com/thebowerestate,https://www.facebook.com/thebowerestate,,https://bowerestate.com.au/,0.0,0,,https://www.google.com/maps/search/?api=1&query=Bower+Estate+Gold+Coast,web:bowerestate.com.au
0,C,Harbour Town Florist,florist,Gold Coast,,,https://www.facebook.com/harbourtownfloristGC,,https://www.harbourtownflorist.com.au/,0.0,0,,https://www.google.com/maps/search/?api=1&query=Harbour+Town+Florist+Gold+Coast,web:harbourtownflorist.com.au
0,C,Little Mr Bouqs,florist,Gold Coast,,http://instagram.com/littlemrbouqs,http://facebook.com/littlemrbouqs,,https://littlemrbouqs.com.au/,0.0,0,,https://www.google.com/maps/search/?api=1&query=Little+Mr+Bouqs+Gold+Coast,web:littlemrbouqs.com.au
0,C,Bee's Blossoms,florist,Gold Coast,,https://www.instagram.com/beesblossomsfloralstudio,https://www.facebook.com/beesblossomsfloralstudio,,https://beesblossoms.com.au/,0.0,0,,https://www.google.com/maps/search/?api=1&query=Bee%27s+Blossoms+Gold+Coast,web:beesblossoms.com.au
0,C,Florals & Co,florist,Gold Coast,,https://www.instagram.com/floralsandco,,,https://www.floralsandco.com/,0.0,0,,https://www.google.com/maps/search/?api=1&query=Florals+%26+Co+Gold+Coast,web:floralsandco.com
0,C,Wedding Flowers by Keren,florist,Gold Coast,,https://instagram.com/weddingflowersbykeren,https://facebook.com/weddingflowersbykeren,,https://www.weddingflowersbykeren.com/,0.0,0,,https://www.google.com/maps/search/?api=1&query=Wedding+Flowers+by+Keren+Gold+Coast,web:weddingflowersbykeren.com
0,C,Gold Coast Pop Up Weddings,wedding planner or stylist,Gold Coast,,http://instagram.com/popupeventco,http://www.facebook.com/popupeventco,,https://www.goldcoastpopupweddings.com/,0.0,0,,https://www.google.com/maps/search/?api=1&query=Gold+Coast+Pop+Up+Weddings+Gold+Coast,web:goldcoastpopupweddings.com
0,C,The First Last,bridal shop,Gold Coast,,https://www.instagram.com/thefirstlastbridal,https://www.facebook.com/thefirstlastbridal,,https://www.thefirstlast.com.au/,0.0,0,,https://www.google.com/maps/search/?api=1&query=The+First+Last+Gold+Coast,web:thefirstlast.com.au
0,C,The Bride Side,bridal shop,Gold Coast,,https://www.instagram.com/the_bride_side_boutique,,,https://www.thebrideside.com.au/,0.0,0,,https://www.google.com/maps/search/?api=1&query=The+Bride+Side+Gold+Coast,web:thebrideside.com.au
0,C,Pearl Bridal,bridal shop,Gold Coast,,https://www.instagram.com/pearlbridalgoldcoast,https://www.facebook.com/pearlbridalgc,,https://pearlbridal.com.au/,0.0,0,,https://www.google.com/maps/search/?api=1&query=Pearl+Bridal+Gold+Coast,web:pearlbridal.com.au
0,C,Toni Paget Celebrant,celebrant,Gold Coast,,https://www.instagram.com/toni_paget_celebrant_mc,https://www.facebook.com/goldcoastmarriagecelebrant1,,https://www.goldcoastmarriagecelebrant.com.au/,0.0,0,,https://www.google.com/maps/search/?api=1&query=Toni+Paget+Celebrant+Gold+Coast,web:goldcoastmarriagecelebrant.com.au
0,C,Celebrant Sue Raward,celebrant,Gold Coast,,https://www.instagram.com/celebrant.sue,https://www.facebook.com/CelebrantSue,,https://celebrantsue.com/,0.0,0,,https://www.google.com/maps/search/?api=1&query=Celebrant+Sue+Raward+Gold+Coast,web:celebrantsue.com
0,C,Ceremonies by Sacha,celebrant,Gold Coast,,https://www.instagram.com/ceremoniesbysacha,https://www.facebook.com/ceremoniesbysacha,,https://www.ceremoniesbysacha.com/,0.0,0,,https://www.google.com/maps/search/?api=1&query=Ceremonies+by+Sacha+Gold+Coast,web:ceremoniesbysacha.com
0,C,Benjamin Carlyle Celebrant,celebrant,Gold Coast,,https://www.instagram.com/bc_celebrant,,,https://bccelebrant.com/,0.0,0,,https://www.google.com/maps/search/?api=1&query=Benjamin+Carlyle+Celebrant+Gold+Coast,web:bccelebrant.com
0,C,Karma Cupcakes,wedding cakes,Gold Coast,,https://www.instagram.com/karmacupcakes1,https://www.facebook.com/karmacupcakes.com.au,,https://karmacupcakes.com.au/,0.0,0,,https://www.google.com/maps/search/?api=1&query=Karma+Cupcakes+Gold+Coast,web:karmacupcakes.com.au
0,C,Stentons Cakes,wedding cakes,Gold Coast,,https://www.instagram.com/stentons.cakes,https://www.facebook.com/stentonscakes,,https://www.stentonscakes.com.au/,0.0,0,,https://www.google.com/maps/search/?api=1&query=Stentons+Cakes+Gold+Coast,web:stentonscakes.com.au
0,C,Milk & Honey Cake Creative,wedding cakes,Gold Coast,,http://www.instagram.com/milkandhoney.cakecreative,http://WWW.FACEBOOK.COM/milkandhoney.cakecreative,,https://www.milkandhoneycc.com/,0.0,0,,https://www.google.com/maps/search/?api=1&query=Milk+%26+Honey+Cake+Creative+Gold+Coast,web:milkandhoneycc.com
0,C,Richelle Darben Makeup,hair and makeup,Gold Coast,,https://www.instagram.com/richelledarbenmua,https://www.facebook.com/Richelle-Darben-Make-Up-Hairstyling-1651188211867750,,https://richelledarbenmakeup.com.au/,0.0,0,,https://www.google.com/maps/search/?api=1&query=Richelle+Darben+Makeup+Gold+Coast,web:richelledarbenmakeup.com.au
0,C,Boho Brides,hair and makeup,Gold Coast,,https://www.instagram.com/boho_bridesau,https://www.facebook.com/bohobridesau,,https://www.bohobrides.com.au/,0.0,0,,https://www.google.com/maps/search/?api=1&query=Boho+Brides+Gold+Coast,web:bohobrides.com.au
0,C,Nikita Lauren,hair and makeup,Gold Coast,,https://www.instagram.com/nikitalauren_makeup,https://www.facebook.com/nikitalaurenmakeupartist,,https://www.nikitalauren.com/,0.0,0,,https://www.google.com/maps/search/?api=1&query=Nikita+Lauren+Gold+Coast,web:nikitalauren.com
0,C,Tina Kristen Weddings,hair and makeup,Gold Coast,,https://www.instagram.com/tinakristenweddings,https://www.facebook.com/tinakristenweddings,,https://tinakristenweddings.com.au/,0.0,0,,https://www.google.com/maps/search/?api=1&query=Tina+Kristen+Weddings+Gold+Coast,web:tinakristenweddings.com.au
0,C,The Events Lounge,wedding planner or stylist,Gold Coast,,https://www.instagram.com/theeventslounge,https://www.facebook.com/The-Events-Lounge-Event-Management-316750581751343,,https://theeventslounge.com.au/,0.0,0,,https://www.google.com/maps/search/?api=1&query=The+Events+Lounge+Gold+Coast,web:theeventslounge.com.au
0,C,Van Dev Weddings,wedding planner or stylist,Gold Coast,,https://www.instagram.com/vandevweddings,,,https://www.vandevweddings.com.au/,0.0,0,,https://www.google.com/maps/search/?api=1&query=Van+Dev+Weddings+Gold+Coast,web:vandevweddings.com.au
0,C,For Love & Living,wedding planner or stylist,Gold Coast,,https://www.instagram.com/forloveandliving,,,https://www.forloveandliving.com.au/,0.0,0,,https://www.google.com/maps/search/?api=1&query=For+Love+%26+Living+Gold+Coast,web:forloveandliving.com.au
0,C,Magnolia Studios,wedding planner or stylist,Gold Coast,,https://www.instagram.com/magnolia.studios,http://facebook.com/Magnoliastudiosevents,,https://magnoliastudios.com.au/,0.0,0,,https://www.google.com/maps/search/?api=1&query=Magnolia+Studios+Gold+Coast,web:magnoliastudios.com.au
0,C,The Romantics Weddings,wedding planner or stylist,Gold Coast,,https://www.instagram.com/theromanticsweddings,,,https://www.theromanticsweddings.com/,0.0,0,,https://www.google.com/maps/search/?api=1&query=The+Romantics+Weddings+Gold+Coast,web:theromanticsweddings.com
0,C,Arctic Fox Events,event hire,Gold Coast,,https://www.instagram.com/arcticfoxweddings,,,https://arcticfoxevents.com.au/,0.0,0,,https://www.google.com/maps/search/?api=1&query=Arctic+Fox+Events+Gold+Coast,web:arcticfoxevents.com.au
0,C,Gold Coast Tipi Hire,event hire,Gold Coast,,https://www.instagram.com/goldcoast_tipis,https://www.facebook.com/goldcoasttipis,,https://goldcoasttipis.com.au/,0.0,0,,https://www.google.com/maps/search/?api=1&query=Gold+Coast+Tipi+Hire+Gold+Coast,web:goldcoasttipis.com.au
0,C,Enchanted Event Hire,event hire,Gold Coast,,https://www.instagram.com/enchantedweddingseventhire,,,https://enchantedeventhire.com.au/,0.0,0,,https://www.google.com/maps/search/?api=1&query=Enchanted+Event+Hire+Gold+Coast,web:enchantedeventhire.com.au
0,C,The One Day House,event hire,Gold Coast,,https://www.instagram.com/theonedayhouse/%20,https://www.facebook.com/theonedayhouse.hire,,https://theonedayhouse.com.au/,0.0,0,,https://www.google.com/maps/search/?api=1&query=The+One+Day+House+Gold+Coast,web:theonedayhouse.com.au
0,C,AisleSuite,event hire,Gold Coast,,https://www.instagram.com/aislesuite,,,https://www.aislesuite.com.au/,0.0,0,,https://www.google.com/maps/search/?api=1&query=AisleSuite+Gold+Coast,web:aislesuite.com.au
0,C,Stay Golden Event Hire,event hire,Gold Coast,,http://www.instagram.com/staygoldeneventhire,http://www.facebook.com/staygoldeneventhire,,https://www.staygoldeneventhire.com/,0.0,0,,https://www.google.com/maps/search/?api=1&query=Stay+Golden+Event+Hire+Gold+Coast,web:staygoldeneventhire.com
0,C,Janda Events,DJ or band,Gold Coast,,https://www.instagram.com/janda.events,https://www.facebook.com/jandaweddingsandevents,,https://jandaevents.com.au/,0.0,0,,https://www.google.com/maps/search/?api=1&query=Janda+Events+Gold+Coast,web:jandaevents.com.au
0,C,Celebrant Lady Love,celebrant,Gold Coast,,https://instagram.com/celebrantladylove,https://www.facebook.com/celebrantladylove,,https://celebrantladylove.com/,0.0,0,,https://www.google.com/maps/search/?api=1&query=Celebrant+Lady+Love+Gold+Coast,web:celebrantladylove.com
0,C,Black Grandeur Chauffeur,wedding cars,Gold Coast,,https://www.instagram.com/black_grandeur_chauffeur,https://www.facebook.com/blackgrandeurchauffeur,,https://www.blackgrandeurchauffeur.com/,0.0,0,,https://www.google.com/maps/search/?api=1&query=Black+Grandeur+Chauffeur+Gold+Coast,web:blackgrandeurchauffeur.com
0,C,Black Luxe Chauffeurs,wedding cars,Gold Coast,,https://www.instagram.com/blackluxechauffeurs,https://m.facebook.com/blackluxechauffeurs,,https://blackluxechauffeurs.com.au/,0.0,0,,https://www.google.com/maps/search/?api=1&query=Black+Luxe+Chauffeurs+Gold+Coast,web:blackluxechauffeurs.com.au
0,C,Maleny Manor,wedding venue,Sunshine Coast,,https://www.instagram.com/malenymanor,https://www.facebook.com/malenymanor,,https://www.malenymanor.com.au/,0.0,0,,https://www.google.com/maps/search/?api=1&query=Maleny+Manor+Sunshine+Coast,web:malenymanor.com.au
0,C,Tiffany's Maleny,wedding venue,Sunshine Coast,,https://www.instagram.com/tiffanysmaleny,https://www.facebook.com/TiffanysMalenyAU,,https://www.tiffanysmaleny.com.au/,0.0,0,,https://www.google.com/maps/search/?api=1&query=Tiffany%27s+Maleny+Sunshine+Coast,web:tiffanysmaleny.com.au
0,C,Palm Creek Estate,wedding venue,Sunshine Coast,,https://www.instagram.com/palmcreekestate,https://www.facebook.com/palmcreekestate,,https://www.palmcreekestate.com.au/,0.0,0,,https://www.google.com/maps/search/?api=1&query=Palm+Creek+Estate+Sunshine+Coast,web:palmcreekestate.com.au
0,C,Mondo Floral Designs,florist,Sunshine Coast,,https://instagram.com/mondofloraldesigns,https://www.facebook.com/mondofloraldesigns,,https://www.mondofloraldesigns.com.au/,0.0,0,,https://www.google.com/maps/search/?api=1&query=Mondo+Floral+Designs+Sunshine+Coast,web:mondofloraldesigns.com.au
0,C,Oh Honey Florals,florist,Sunshine Coast,,https://www.instagram.com/ohhoneyflorals,,,https://www.ohhoneyflorals.com.au/,0.0,0,,https://www.google.com/maps/search/?api=1&query=Oh+Honey+Florals+Sunshine+Coast,web:ohhoneyflorals.com.au
0,C,Bloom & Bush,florist,Sunshine Coast,,http://instagram.com/bloomandbush,,,https://bloomandbush.com.au/,0.0,0,,https://www.google.com/maps/search/?api=1&query=Bloom+%26+Bush+Sunshine+Coast,web:bloomandbush.com.au
0,C,Poesia Studio,florist,Sunshine Coast,,https://www.instagram.com/poesiastudio__,,,https://www.fiestaflora.com.au/,0.0,0,,https://www.google.com/maps/search/?api=1&query=Poesia+Studio+Sunshine+Coast,web:fiestaflora.com.au
0,C,Elsie and Oak,florist,Sunshine Coast,,https://www.instagram.com/elsieandoak,https://www.facebook.com/Elsie-and-oak-103172265003420,,https://elsieandoak.com/,0.0,0,,https://www.google.com/maps/search/?api=1&query=Elsie+and+Oak+Sunshine+Coast,web:elsieandoak.com
0,C,Brides First,bridal shop,Sunshine Coast,,https://www.instagram.com/bridesfirst,https://www.facebook.com/bridesfirst,,https://bridesfirst.com.au/,0.0,0,,https://www.google.com/maps/search/?api=1&query=Brides+First+Sunshine+Coast,web:bridesfirst.com.au
0,C,Moon & Pearl,bridal shop,Sunshine Coast,,https://www.instagram.com/moonandpearlbridal,https://facebook.com/moonandpearlbridal,,https://moonandpearl.com.au/,0.0,0,,https://www.google.com/maps/search/?api=1&query=Moon+%26+Pearl+Sunshine+Coast,web:moonandpearl.com.au
0,C,Erin Clare Bridal,bridal shop,Sunshine Coast,,https://www.instagram.com/erinclarebridal,https://www.facebook.com/ErinClareBridal,,https://www.erinclare.com.au/,0.0,0,,https://www.google.com/maps/search/?api=1&query=Erin+Clare+Bridal+Sunshine+Coast,web:erinclare.com.au
0,C,Stacey Morris Celebrant,celebrant,Sunshine Coast,,https://www.instagram.com/sunny_coast_celebrant,http://www.facebook.com/staceymorriscelebrant,,https://www.staceymorriscelebrant.com.au/,0.0,0,,https://www.google.com/maps/search/?api=1&query=Stacey+Morris+Celebrant+Sunshine+Coast,web:staceymorriscelebrant.com.au
0,C,Laura Clair Celebrant,celebrant,Sunshine Coast,,https://instagram.com/lauraclaircelebrant,,,https://lauraclaircelebrant.com.au/,0.0,0,,https://www.google.com/maps/search/?api=1&query=Laura+Clair+Celebrant+Sunshine+Coast,web:lauraclaircelebrant.com.au
0,C,Carlee Hay Celebrant,celebrant,Sunshine Coast,,https://www.instagram.com/carleehaycelebrant,https://www.facebook.com/haycarleecelebrant,,https://www.celebrantcarlee.com.au/,0.0,0,,https://www.google.com/maps/search/?api=1&query=Carlee+Hay+Celebrant+Sunshine+Coast,web:celebrantcarlee.com.au
0,C,Sunny Coast Celebrant,celebrant,Sunshine Coast,,https://www.instagram.com/simply_beautiful_ceremonies,https://www.facebook.com/melissasunshinecoastmarriagecelebrant,,https://www.sunnycoastcelebrant.com/,0.0,0,,https://www.google.com/maps/search/?api=1&query=Sunny+Coast+Celebrant+Sunshine+Coast,web:sunnycoastcelebrant.com
0,C,Kari Celebrations,celebrant,Sunshine Coast,,https://www.instagram.com/kariartisancelebrant,https://www.facebook.com/Kari.marriage.celebrant,,https://karicelebrations.com/,0.0,0,,https://www.google.com/maps/search/?api=1&query=Kari+Celebrations+Sunshine+Coast,web:karicelebrations.com
0,C,Cakes by Nola,wedding cakes,Sunshine Coast,,https://www.instagram.com/cakesbynola,https://www.facebook.com/cakesbynola,,https://www.cakesbynola.com/,0.0,0,,https://www.google.com/maps/search/?api=1&query=Cakes+by+Nola+Sunshine+Coast,web:cakesbynola.com
0,C,The Hair and Makeup Artists,hair and makeup,Sunshine Coast,,http://www.instagram.com/bryonymua,https://www.facebook.com/profile.php,,https://www.thehairandmakeupartists.com.au/,0.0,0,,https://www.google.com/maps/search/?api=1&query=The+Hair+and+Makeup+Artists+Sunshine+Coast,web:thehairandmakeupartists.com.au
0,C,Sunshine Brides,hair and makeup,Sunshine Coast,,http://www.instagram.com/sunshinebrides,http://www.facebook.com/ValentinaPintusMUA,,https://www.sunshinebrides.com/,0.0,0,,https://www.google.com/maps/search/?api=1&query=Sunshine+Brides+Sunshine+Coast,web:sunshinebrides.com
0,C,Splash Events,wedding planner or stylist,Sunshine Coast,,https://www.instagram.com/splashevents,https://www.facebook.com/splashevents.noosa,,https://www.splashevents.com.au/,0.0,0,,https://www.google.com/maps/search/?api=1&query=Splash+Events+Sunshine+Coast,web:splashevents.com.au
0,C,First Class Functions,wedding planner or stylist,Sunshine Coast,,https://www.instagram.com/first_class_functions,https://www.facebook.com/firstclassfunctions,,https://www.firstclassfunctions.com.au/,0.0,0,,https://www.google.com/maps/search/?api=1&query=First+Class+Functions+Sunshine+Coast,web:firstclassfunctions.com.au
0,C,CL Weddings and Events,wedding planner or stylist,Sunshine Coast,,http://instagram.com/clweddingsandevents,https://www.facebook.com/clweddingsandevents,,https://www.clweddingsandevents.com.au/,0.0,0,,https://www.google.com/maps/search/?api=1&query=CL+Weddings+and+Events+Sunshine+Coast,web:clweddingsandevents.com.au
0,C,Simply Style Co,wedding planner or stylist,Sunshine Coast,,https://instagram.com/simplystyleco,https://www.facebook.com/simplystyleco.sunshinecoast,,https://simplystyleco.com.au/,0.0,0,,https://www.google.com/maps/search/?api=1&query=Simply+Style+Co+Sunshine+Coast,web:simplystyleco.com.au
0,C,Cloud Nine Weddings,wedding planner or stylist,Sunshine Coast,,http://instagram.com/cloudnineweddings,https://www.facebook.com/pages/Cloud-Nine-Weddings/167048575507,,https://www.sunshinecoastwedding.com/,0.0,0,,https://www.google.com/maps/search/?api=1&query=Cloud+Nine+Weddings+Sunshine+Coast,web:sunshinecoastwedding.com
0,C,Sunny Coast Wedding and Event Hire,event hire,Sunshine Coast,,https://www.instagram.com/scweddingandeventhire,https://www.facebook.com/profile.php,,https://www.scweddingandeventhire.com.au/,0.0,0,,https://www.google.com/maps/search/?api=1&query=Sunny+Coast+Wedding+and+Event+Hire+Sunshine+Coast,web:scweddingandeventhire.com.au
0,C,Call Me Will Music,DJ or band,Sunshine Coast,,https://www.instagram.com/call_me_will_music,https://www.facebook.com/anthea.healy.1,,https://www.callmewillmusic.com.au/,0.0,0,,https://www.google.com/maps/search/?api=1&query=Call+Me+Will+Music+Sunshine+Coast,web:callmewillmusic.com.au
0,C,Greg Doney,DJ or band,Sunshine Coast,,https://www.instagram.com/greg_doney_music,https://www.facebook.com/gregdoneymusic,,https://www.gregdoney.com/,0.0,0,,https://www.google.com/maps/search/?api=1&query=Greg+Doney+Sunshine+Coast,web:gregdoney.com
0,C,Noosa Premier Stretch Holden Transfers,wedding cars,Sunshine Coast,,https://www.instagram.com/noosastretchholdens,https://www.facebook.com/noosapremierlimousineservice,,https://www.noosastretchholdentransfers.com/,0.0,0,,https://www.google.com/maps/search/?api=1&query=Noosa+Premier+Stretch+Holden+Transfers+Sunshine+Coast,web:noosastretchholdentransfers.com
0,C,Elysium Noosa,wedding venue,Sunshine Coast,,https://www.instagram.com/elysiumnoosa,https://www.facebook.com/ElysiumNoosa,,https://www.elysiumnoosa.com.au/,0.0,0,,https://www.google.com/maps/search/?api=1&query=Elysium+Noosa+Sunshine+Coast,web:elysiumnoosa.com.au
0,C,Peli's Noosa,wedding venue,Sunshine Coast,,https://www.instagram.com/pelis_noosa,https://www.facebook.com/profile.php,,https://www.pelisnoosa.com.au/,0.0,0,,https://www.google.com/maps/search/?api=1&query=Peli%27s+Noosa+Sunshine+Coast,web:pelisnoosa.com.au
0,C,Blooms of Noosa,florist,Sunshine Coast,,https://www.instagram.com/bloomsofnoosa,https://www.facebook.com/BloomsOfNoosa,,https://bloomsofnoosa.com.au/,0.0,0,,https://www.google.com/maps/search/?api=1&query=Blooms+of+Noosa+Sunshine+Coast,web:bloomsofnoosa.com.au
0,C,Patricia Quinn Celebrant,celebrant,Sunshine Coast,,https://instagram.com/pqnoosa_patricia_celebrant,https://www.facebook.com/patriciaquinnweddingcelebrant,,https://www.mynoosawedding.com.au/,0.0,0,,https://www.google.com/maps/search/?api=1&query=Patricia+Quinn+Celebrant+Sunshine+Coast,web:mynoosawedding.com.au
0,C,Glenys Searle Celebrant,celebrant,Sunshine Coast,,https://www.instagram.com/noosacelebrantglenyssearle,https://www.facebook.com/GlenysSearleMarriageCelebrant,,https://glenyssearle.com.au/,0.0,0,,https://www.google.com/maps/search/?api=1&query=Glenys+Searle+Celebrant+Sunshine+Coast,web:glenyssearle.com.au
0,C,Jacqueline Gray Celebrant,celebrant,Sunshine Coast,,http://instagram.com/noosaheadscelebrant,https://www.facebook.com/noosaheadscelebrant/reviews,,https://jacquelinegray.com.au/,0.0,0,,https://www.google.com/maps/search/?api=1&query=Jacqueline+Gray+Celebrant+Sunshine+Coast,web:jacquelinegray.com.au
0,C,Elly the Celly,celebrant,Sunshine Coast,,https://www.instagram.com/ellythecelly,https://www.facebook.com/EllytheCelly,,https://www.ellythecelly.com/,0.0,0,,https://www.google.com/maps/search/?api=1&query=Elly+the+Celly+Sunshine+Coast,web:ellythecelly.com
0,C,Philippa Holness Celebrant,celebrant,Sunshine Coast,,https://instagram.com/noosaweddinglove,https://facebook.com/philippa.celebrant,,https://www.philippaholness.com/,0.0,0,,https://www.google.com/maps/search/?api=1&query=Philippa+Holness+Celebrant+Sunshine+Coast,web:philippaholness.com
0,C,Maple Bloom,wedding cakes,Sunshine Coast,,https://www.instagram.com/maplebloomcakes,,,https://maplebloom.com.au/,0.0,0,,https://www.google.com/maps/search/?api=1&query=Maple+Bloom+Sunshine+Coast,web:maplebloom.com.au
0,C,With Style,wedding cakes,Sunshine Coast,,https://www.instagram.com/withstyleau,https://www.facebook.com/withstyle.au,,https://withstyle.com.au/,0.0,0,,https://www.google.com/maps/search/?api=1&query=With+Style+Sunshine+Coast,web:withstyle.com.au
0,C,The Supper Club,wedding planner or stylist,Sunshine Coast,,https://www.instagram.com/supperclubco,,,https://thesupperclub.net.au/,0.0,0,,https://www.google.com/maps/search/?api=1&query=The+Supper+Club+Sunshine+Coast,web:thesupperclub.net.au
0,C,The Dusty Rose Flower Shoppe,florist,Ipswich,,https://www.instagram.com/thedustyroseflowershoppe,,,https://www.thedustyrose.com.au/,0.0,0,,https://www.google.com/maps/search/?api=1&query=The+Dusty+Rose+Flower+Shoppe+Ipswich,web:thedustyrose.com.au
0,C,Grays Bar & Restaurant,wedding venue,Ipswich,,https://www.instagram.com/graysipswich,https://www.facebook.com/GraysBarAndRestaurant,,https://www.graysbarandrestaurant.com.au/,0.0,0,,https://www.google.com/maps/search/?api=1&query=Grays+Bar+%26+Restaurant+Ipswich,web:graysbarandrestaurant.com.au
0,C,Club Noir,wedding venue,Logan,,http://instagram.com/clubnoiraustralia,https://www.facebook.com/clubnoiraustralia,,https://clubnoir.com.au/,0.0,0,,https://www.google.com/maps/search/?api=1&query=Club+Noir+Logan,web:clubnoir.com.au
0,C,Plunkett Villa Tamborine,wedding venue,Logan,,https://www.instagram.com/plunkettvillatamborine,https://www.facebook.com/PlunkettVillaTamborine,,https://plunkettvillatamborine.com.au/,0.0,0,,https://www.google.com/maps/search/?api=1&query=Plunkett+Villa+Tamborine+Logan,web:plunkettvillatamborine.com.au
0,C,Lisa Laker Marriage Maker,celebrant,Logan,,,https://www.facebook.com/LisaLakerMarriageMaker,,https://www.lisalaker.com.au/,0.0,0,,https://www.google.com/maps/search/?api=1&query=Lisa+Laker+Marriage+Maker+Logan,web:lisalaker.com.au
0,C,Peta's Elegant Cakes,wedding cakes,Logan,,https://www.instagram.com/petaselegantcakes,https://www.facebook.com/petaselegantcakes,,https://petaselegantcakes.com.au/,0.0,0,,https://www.google.com/maps/search/?api=1&query=Peta%27s+Elegant+Cakes+Logan,web:petaselegantcakes.com.au
0,C,The Lighthouse Restaurant Cleveland,wedding venue,Redlands,,https://www.instagram.com/thelighthousecleveland,https://www.facebook.com/TheLighthouseCleveland,,https://thelighthouse.com.au/,0.0,0,,https://www.google.com/maps/search/?api=1&query=The+Lighthouse+Restaurant+Cleveland+Redlands,web:thelighthouse.com.au
0,C,Redlands Florist,florist,Redlands,,https://www.instagram.com/redlandsflorist,https://www.facebook.com/redlandsflorist,,https://www.redlandsfloral.com.au/,0.0,0,,https://www.google.com/maps/search/?api=1&query=Redlands+Florist+Redlands,web:redlandsfloral.com.au
0,C,Cheryl Landsberry Celebrant,celebrant,Redlands,,https://www.instagram.com/cheryl_landsberry_marriage_cel,https://www.facebook.com/Cheryl.Landsberry.celebrant,,https://cherylwedding.com/,0.0,0,,https://www.google.com/maps/search/?api=1&query=Cheryl+Landsberry+Celebrant+Redlands,web:cherylwedding.com
0,C,Anywhere Hair and Makeup,hair and makeup,Redlands,,https://www.instagram.com/anywhere_hair_and_makeup,https://www.facebook.com/Anywhere.Hair.Makeup,,https://www.anywherehairandmakeup.com.au/,0.0,0,,https://www.google.com/maps/search/?api=1&query=Anywhere+Hair+and+Makeup+Redlands,web:anywherehairandmakeup.com.au
0,C,Cakes by Paulie,wedding cakes,Redlands,,,https://www.facebook.com/Cakes-By-Paulie-104737139616518,,https://cakesbypaulie.com.au/,0.0,0,,https://www.google.com/maps/search/?api=1&query=Cakes+by+Paulie+Redlands,web:cakesbypaulie.com.au
0,C,Tangalooma Island Resort,wedding venue,Moreton Bay,,https://instagram.com/tangaloomaislandresort,https://www.facebook.com/TangaloomaIslandResort,,https://www.tangalooma.com/,0.0,0,,https://www.google.com/maps/search/?api=1&query=Tangalooma+Island+Resort+Moreton+Bay,web:tangalooma.com
0,C,Posy Parlour,florist,Moreton Bay,,http://instagram.com/POSYPARLOUR,,,https://www.posyparlour.com.au/,0.0,0,,https://www.google.com/maps/search/?api=1&query=Posy+Parlour+Moreton+Bay,web:posyparlour.com.au
0,C,Flowerfusion Flowers and Gifts,florist,Moreton Bay,,https://www.instagram.com/flowerfusion_florist,,,https://www.flowerfusion.com.au/,0.0,0,,https://www.google.com/maps/search/?api=1&query=Flowerfusion+Flowers+and+Gifts+Moreton+Bay,web:flowerfusion.com.au
0,C,Kellie Rainbow Celebrant,celebrant,Moreton Bay,,http://instagram.com/rainbowcelebrant,https://facebook.com/kellierainbowcelebrant,,https://www.kellierainbowcelebrant.au/,0.0,0,,https://www.google.com/maps/search/?api=1&query=Kellie+Rainbow+Celebrant+Moreton+Bay,web:kellierainbowcelebrant.au
0,C,Moreton Bay Celebrancy,celebrant,Moreton Bay,,https://www.instagram.com/moretonbaycelebrancy,https://www.facebook.com/unique.sallybrations,,https://www.moretonbaycelebrancy.com.au/,0.0,0,,https://www.google.com/maps/search/?api=1&query=Moreton+Bay+Celebrancy+Moreton+Bay,web:moretonbaycelebrancy.com.au
0,C,Picnic Point,wedding venue,Toowoomba,,https://www.instagram.com/picnicpointtoowoomba,https://www.facebook.com/PicnicPointToowoomba,,https://picnic-point.com.au/,0.0,0,,https://www.google.com/maps/search/?api=1&query=Picnic+Point+Toowoomba,web:picnic-point.com.au
0,C,Gabbinbar,wedding venue,Toowoomba,,https://www.instagram.com/gabbinbar,https://www.facebook.com/gabbinbar,,https://www.gabbinbar.com.au/,0.0,0,,https://www.google.com/maps/search/?api=1&query=Gabbinbar+Toowoomba,web:gabbinbar.com.au
0,C,Aberfeldy Barn,wedding venue,Toowoomba,,https://instagram.com/aberfeldybarn,https://facebook.com/aberfeldybarn,,https://www.aberfeldybarn.com.au/,0.0,0,,https://www.google.com/maps/search/?api=1&query=Aberfeldy+Barn+Toowoomba,web:aberfeldybarn.com.au
0,C,Gowrie Homestead,wedding venue,Toowoomba,,https://www.instagram.com/gowriehomestead,,,https://gowriehomestead.com.au/,0.0,0,,https://www.google.com/maps/search/?api=1&query=Gowrie+Homestead+Toowoomba,web:gowriehomestead.com.au
0,C,Violets and Vases,florist,Toowoomba,,https://www.instagram.com/violetsandvases.florist,https://www.facebook.com/violetsandvases,,https://www.violetsandvases.com.au/,0.0,0,,https://www.google.com/maps/search/?api=1&query=Violets+and+Vases+Toowoomba,web:violetsandvases.com.au
0,C,Floral Life Art,florist,Toowoomba,,https://www.instagram.com/floralifeart,https://www.facebook.com/Florallifeart,,https://www.florallifeart.com/,0.0,0,,https://www.google.com/maps/search/?api=1&query=Floral+Life+Art+Toowoomba,web:florallifeart.com
0,C,Leaf & Bloom Florals,florist,Toowoomba,,https://www.instagram.com/leafandbloomflorals,,,https://www.leafandbloomflorals.com/,0.0,0,,https://www.google.com/maps/search/?api=1&query=Leaf+%26+Bloom+Florals+Toowoomba,web:leafandbloomflorals.com
0,C,Ruby Lane Flower Co.,florist,Toowoomba,,http://instagram.com/rubylaneflowerco,http://facebook.com/rubylaneflowerco,,https://rubylaneflowerco.com/,0.0,0,,https://www.google.com/maps/search/?api=1&query=Ruby+Lane+Flower+Co.+Toowoomba,web:rubylaneflowerco.com
0,C,Groovy Kind of Love Celebrant,celebrant,Toowoomba,,https://www.instagram.com/groovykindoflove_celebrant,https://www.facebook.com/profile.php,,https://www.groovykindoflovecelebrant.com.au/,0.0,0,,https://www.google.com/maps/search/?api=1&query=Groovy+Kind+of+Love+Celebrant+Toowoomba,web:groovykindoflovecelebrant.com.au
0,C,Celebrations by Steve,celebrant,Toowoomba,,,https://www.facebook.com/celebrationsbysteve,,https://www.celebrationsbysteve.com.au/,0.0,0,,https://www.google.com/maps/search/?api=1&query=Celebrations+by+Steve+Toowoomba,web:celebrationsbysteve.com.au
0,C,Ivy & Oak Collective,hair and makeup,Toowoomba,,https://www.instagram.com/ivy_n_oak_collective,,,https://www.ivyoakcollective.com.au/,0.0,0,,https://www.google.com/maps/search/?api=1&query=Ivy+%26+Oak+Collective+Toowoomba,web:ivyoakcollective.com.au
0,C,Wow! Excellence in Hair,hair and makeup,Toowoomba,,https://www.instagram.com/wowhairtoowoomba,https://www.facebook.com/wowhairtoowoomba,,https://www.wowhair.net.au/,0.0,0,,https://www.google.com/maps/search/?api=1&query=Wow%21+Excellence+in+Hair+Toowoomba,web:wowhair.net.au
0,C,Air Hair Studio,hair and makeup,Toowoomba,,https://www.instagram.com/airhairstudiotoowoomba,https://www.facebook.com/airhairstudio,,https://www.airhairstudio.com.au/,0.0,0,,https://www.google.com/maps/search/?api=1&query=Air+Hair+Studio+Toowoomba,web:airhairstudio.com.au
0,C,EMK Artistry,hair and makeup,Toowoomba,,https://www.instagram.com/em.k.artistry,https://www.facebook.com/em.k.artistryau,,https://www.emkartistry.com.au/,0.0,0,,https://www.google.com/maps/search/?api=1&query=EMK+Artistry+Toowoomba,web:emkartistry.com.au
0,C,Amber Linane,hair and makeup,Toowoomba,,https://www.instagram.com/amber_linane,https://www.facebook.com/linaneamber,,https://www.amberlinane.com/,0.0,0,,https://www.google.com/maps/search/?api=1&query=Amber+Linane+Toowoomba,web:amberlinane.com
0,C,Just a lil More,wedding cakes,Toowoomba,,https://www.instagram.com/givemejustalilmore,https://www.facebook.com/givemejustalilmore,,https://www.justalilmore.com/,0.0,0,,https://www.google.com/maps/search/?api=1&query=Just+a+lil+More+Toowoomba,web:justalilmore.com
0,C,Lara Boutique,bridal shop,Toowoomba,,https://www.instagram.com/laraboutique_au,,,https://www.laraboutique.com.au/,0.0,0,,https://www.google.com/maps/search/?api=1&query=Lara+Boutique+Toowoomba,web:laraboutique.com.au
0,C,Flowers by Erica Lilli,florist,Other QLD,,https://www.instagram.com/flowersbyericalilli,,,https://www.flowersbyericalilli.com/,0.0,0,,https://www.google.com/maps/search/?api=1&query=Flowers+by+Erica+Lilli+Other+QLD,web:flowersbyericalilli.com
0,C,Honey Button House,florist,Other QLD,,https://www.instagram.com/honeybuttonhouse,https://www.facebook.com/honeybuttonhouse,,https://www.honeybuttonhouse.com/,0.0,0,,https://www.google.com/maps/search/?api=1&query=Honey+Button+House+Other+QLD,web:honeybuttonhouse.com
0,C,Just Love Celebrancy,celebrant,Other QLD,,https://instagram.com/justlovecelebrancy,http://www.facebook.com/justlovecelebrancy,,https://www.justlovecelebrancy.com.au/,0.0,0,,https://www.google.com/maps/search/?api=1&query=Just+Love+Celebrancy+Other+QLD,web:justlovecelebrancy.com.au
0,C,Lynette Maguire Celebrant,celebrant,Other QLD,,,https://www.facebook.com/lynette-maguire-marriage-celebrant/112045424728,,https://www.lynettemaguire.com.au/,0.0,0,,https://www.google.com/maps/search/?api=1&query=Lynette+Maguire+Celebrant+Other+QLD,web:lynettemaguire.com.au
0,C,Daydream Celebrations,celebrant,Other QLD,,,https://www.facebook.com/Daydream.Celebrations,,https://daydreamcelebrations.com.au/,0.0,0,,https://www.google.com/maps/search/?api=1&query=Daydream+Celebrations+Other+QLD,web:daydreamcelebrations.com.au
0,C,Ceremonies with Karen,celebrant,Other QLD,,https://www.instagram.com/ceremonieswithkaren,https://www.facebook.com/Karen-Cook-Celebrant-765183543813085,,https://www.ceremonieswithkaren.com.au/,0.0,0,,https://www.google.com/maps/search/?api=1&query=Ceremonies+with+Karen+Other+QLD,web:ceremonieswithkaren.com.au
0,C,Scenic Rim Wedding Venues (Laurenvale Estate),wedding venue,Other QLD,,https://www.instagram.com/scenicrimweddingvenues.com.au,https://www.facebook.com/scenicrimvenues,,https://www.scenicrimweddingvenues.com.au/,0.0,0,,https://www.google.com/maps/search/?api=1&query=Scenic+Rim+Wedding+Venues+%28Laurenvale+Estate%29+Other+QLD,web:scenicrimweddingvenues.com.au
0,C,Unveil Bridal Hair,hair and makeup,Other QLD,,https://www.instagram.com/unveil_bridal_hair,https://www.facebook.com/unveilbridalhair,,https://www.unveilbridalhair.com/,0.0,0,,https://www.google.com/maps/search/?api=1&query=Unveil+Bridal+Hair+Other+QLD,web:unveilbridalhair.com
0,C,The Beauty Lineup,hair and makeup,Other QLD,,https://www.instagram.com/thebeautylineup,,,https://www.thebeautylineup.com.au/,0.0,0,,https://www.google.com/maps/search/?api=1&query=The+Beauty+Lineup+Other+QLD,web:thebeautylineup.com.au
0,C,Simply Divine Occasions,wedding cakes,Other QLD,,https://www.instagram.com/simplydivineoccasions,https://www.facebook.com/Simplydivineoccasions,,https://www.simplydivineoccasions.com.au/,0.0,0,,https://www.google.com/maps/search/?api=1&query=Simply+Divine+Occasions+Other+QLD,web:simplydivineoccasions.com.au
0,C,SPB Wedding Planner Cairns,wedding planner or stylist,Cairns,,https://www.instagram.com/southpacificbridal,https://www.facebook.com/SouthPacificBridal,,https://www.spb.com.au/,0.0,0,,https://www.google.com/maps/search/?api=1&query=SPB+Wedding+Planner+Cairns+Cairns,web:spb.com.au
0,C,Beautiful Posy Florist,florist,Cairns,,https://www.instagram.com/beautiful_posy,https://www.facebook.com/beautifulposy,,https://beautifulposy.com/,0.0,0,,https://www.google.com/maps/search/?api=1&query=Beautiful+Posy+Florist+Cairns,web:beautifulposy.com
0,C,Smithfield Florist,florist,Cairns,,https://www.instagram.com/$sitename,https://www.facebook.com/smithfieldflorist,,https://www.smithfieldflorist.com.au/,0.0,0,,https://www.google.com/maps/search/?api=1&query=Smithfield+Florist+Cairns,web:smithfieldflorist.com.au
0,C,The Posy Crew,florist,Cairns,,https://www.instagram.com/the_posy_crew,https://www.facebook.com/theposycrew,,https://www.theposycrew.com.au/,0.0,0,,https://www.google.com/maps/search/?api=1&query=The+Posy+Crew+Cairns,web:theposycrew.com.au
0,C,GinaS Cairns Tropical Weddings,celebrant,Cairns,,https://www.instagram.com/cairnstropicalweddings,https://www.facebook.com/GinaSCairnsTropicalWeddings,,https://www.ginascairnstropicalweddings.com/,0.0,0,,https://www.google.com/maps/search/?api=1&query=GinaS+Cairns+Tropical+Weddings+Cairns,web:ginascairnstropicalweddings.com
0,C,Maria Morrison,hair and makeup,Cairns,,https://www.instagram.com/mariamorrisonmua,,,https://www.mariamorrison.com.au/,0.0,0,,https://www.google.com/maps/search/?api=1&query=Maria+Morrison+Cairns,web:mariamorrison.com.au
0,C,Rikkea Wainohu,hair and makeup,Cairns,,https://instagram.com/rikkeawainohumakeup,https://www.facebook.com/profile.php,,https://rikkeawainohu.com.au/,0.0,0,,https://www.google.com/maps/search/?api=1&query=Rikkea+Wainohu+Cairns,web:rikkeawainohu.com.au
0,C,Sandra Gallo,hair and makeup,Cairns,,https://www.instagram.com/sandragallohairandmakeup,https://www.facebook.com/sandragallomakeupartist,,https://sandragallo.com.au/,0.0,0,,https://www.google.com/maps/search/?api=1&query=Sandra+Gallo+Cairns,web:sandragallo.com.au
0,C,Passion for Cakes,wedding cakes,Cairns,,https://www.instagram.com/cairnscakes,https://www.facebook.com/www.passionforcakes.com.au,,https://www.passionforcakes.com.au/,0.0,0,,https://www.google.com/maps/search/?api=1&query=Passion+for+Cakes+Cairns,web:passionforcakes.com.au
0,C,The Boutique Cairns,bridal shop,Cairns,,https://www.instagram.com/theboutiquecairns,,,https://theboutiquecairns.com.au/,0.0,0,,https://www.google.com/maps/search/?api=1&query=The+Boutique+Cairns+Cairns,web:theboutiquecairns.com.au
0,C,Lovena Bridal,bridal shop,Cairns,,https://www.instagram.com/lovena_bridal_studio,https://www.facebook.com/CairnsBridal,,https://lovenabridal.com.au/,0.0,0,,https://www.google.com/maps/search/?api=1&query=Lovena+Bridal+Cairns,web:lovenabridal.com.au
0,C,Rogue Events,wedding planner or stylist,Cairns,,https://instagram.com/rogue.events.cairns,https://www.facebook.com/profile.php,,https://www.rogueevents.com.au/,0.0,0,,https://www.google.com/maps/search/?api=1&query=Rogue+Events+Cairns,web:rogueevents.com.au
0,C,Palm Cove Weddings,wedding planner or stylist,Other QLD,,https://www.instagram.com/palm.cove.weddings,https://www.facebook.com/palmcoveweddings,,https://www.palmcoveweddings.com/,0.0,0,,https://www.google.com/maps/search/?api=1&query=Palm+Cove+Weddings+Other+QLD,web:palmcoveweddings.com
0,C,Frankie and Flora,florist,Other QLD,,https://www.instagram.com/wix,https://www.facebook.com/wix,,https://www.frankieandflora.com.au/,0.0,0,,https://www.google.com/maps/search/?api=1&query=Frankie+and+Flora+Other+QLD,web:frankieandflora.com.au
0,C,Rosina Santarossa Celebrant,celebrant,Other QLD,,http://instagram.com/rosina_santarossa,https://www.facebook.com/marriedinportdouglas,,https://www.portdouglasmarriagecelebrant.com.au/,0.0,0,,https://www.google.com/maps/search/?api=1&query=Rosina+Santarossa+Celebrant+Other+QLD,web:portdouglasmarriagecelebrant.com.au
0,C,Blush Hair & Make Up,hair and makeup,Other QLD,,https://www.instagram.com/x,https://www.facebook.com/118197704927614,,https://blushmakeup.com.au/,0.0,0,,https://www.google.com/maps/search/?api=1&query=Blush+Hair+%26+Make+Up+Other+QLD,web:blushmakeup.com.au
0,C,LG Hair & Makeup,hair and makeup,Other QLD,,https://www.instagram.com/lghairandmakeup,https://www.facebook.com/LGhairandmakeup,,https://www.lghairandmakeup.com/,0.0,0,,https://www.google.com/maps/search/?api=1&query=LG+Hair+%26+Makeup+Other+QLD,web:lghairandmakeup.com
0,C,Port Douglas Weddings (St Mary's by the Sea),wedding planner or stylist,Other QLD,,https://www.instagram.com/portdouglasweddings,https://www.facebook.com/portdouglaswedding,,https://www.portdouglasweddings.com.au/,0.0,0,,https://www.google.com/maps/search/?api=1&query=Port+Douglas+Weddings+%28St+Mary%27s+by+the+Sea%29+Other+QLD,web:portdouglasweddings.com.au
0,C,Port Douglas Weddings and Hire,wedding planner or stylist,Other QLD,,https://www.instagram.com/pdweddingsandhire,https://www.facebook.com/portdouglasweddingsandhire,,https://www.myweddinginportdouglas.com/,0.0,0,,https://www.google.com/maps/search/?api=1&query=Port+Douglas+Weddings+and+Hire+Other+QLD,web:myweddinginportdouglas.com
0,C,Malpara Florist,florist,Townsville,,https://www.instagram.com/malparaflorist,https://www.facebook.com/malpara.florist,,https://malpara.com/,0.0,0,,https://www.google.com/maps/search/?api=1&query=Malpara+Florist+Townsville,web:malpara.com
0,C,Townsville Hospital Florist,florist,Townsville,,https://www.instagram.com/thf.townsvillehospitalflorist,https://www.facebook.com/Townsvillehospitalflorist,,https://www.townsvillehospitalflorist.com.au/,0.0,0,,https://www.google.com/maps/search/?api=1&query=Townsville+Hospital+Florist+Townsville,web:townsvillehospitalflorist.com.au
0,C,The Bloom Room Townsville,florist,Townsville,,https://www.instagram.com/thebloomroomtsv,,,https://thebloomroomtsv.com/,0.0,0,,https://www.google.com/maps/search/?api=1&query=The+Bloom+Room+Townsville+Townsville,web:thebloomroomtsv.com
0,C,Coast to Country Celebrant,celebrant,Townsville,,,https://www.facebook.com/coasttocountrycelebrant,,https://www.coasttocountrycelebrant.com.au/,0.0,0,,https://www.google.com/maps/search/?api=1&query=Coast+to+Country+Celebrant+Townsville,web:coasttocountrycelebrant.com.au
0,C,Lesley's Life Ceremonies,celebrant,Townsville,,https://www.instagram.com/lesleyslifeceremonies,https://www.facebook.com/profile.php,,https://lesleyslifeceremonies.com.au/,0.0,0,,https://www.google.com/maps/search/?api=1&query=Lesley%27s+Life+Ceremonies+Townsville,web:lesleyslifeceremonies.com.au
0,C,Lynda Ross Celebrant,celebrant,Townsville,,https://www.instagram.com/lyndarossmarriagecelebrant,https://www.facebook.com/lynda.ross.marriage.celebrant,,https://www.lyndarosscelebrant.com.au/,0.0,0,,https://www.google.com/maps/search/?api=1&query=Lynda+Ross+Celebrant+Townsville,web:lyndarosscelebrant.com.au
0,C,Jenny Stevens Marriage Celebrant,celebrant,Townsville,,https://www.instagram.com/jenny_marriage_celebrant,https://www.facebook.com/jennystevens.marriagecelebrant,,https://marriagecelebrantjennystevens.com/,0.0,0,,https://www.google.com/maps/search/?api=1&query=Jenny+Stevens+Marriage+Celebrant+Townsville,web:marriagecelebrantjennystevens.com
0,C,Stephen Tasselli Celebrant,celebrant,Townsville,,https://www.instagram.com/stephen_marriage_celebrant,https://www.facebook.com/StephenTasselliMarriageCelebrant,,https://www.stephentassellimc.com/,0.0,0,,https://www.google.com/maps/search/?api=1&query=Stephen+Tasselli+Celebrant+Townsville,web:stephentassellimc.com
0,C,Urban Miss Beauty Bar,hair and makeup,Townsville,,https://instagram.com/urbanmissmakeup,https://www.facebook.com/urbanmiss,,https://urbanmissmakeup.com/,0.0,0,,https://www.google.com/maps/search/?api=1&query=Urban+Miss+Beauty+Bar+Townsville,web:urbanmissmakeup.com
0,C,Sweeter Than Sugar,wedding cakes,Townsville,,https://www.instagram.com/sweeterthansugar_townsville,https://www.facebook.com/sweeterthansugar,,https://www.sweeterthansugar.com.au/,0.0,0,,https://www.google.com/maps/search/?api=1&query=Sweeter+Than+Sugar+Townsville,web:sweeterthansugar.com.au
0,C,Cedric Corre Patisserie,wedding cakes,Townsville,,https://www.instagram.com/cedriccorrepatisserie,https://www.facebook.com/profile.php,,https://www.cedriccorre.com.au/,0.0,0,,https://www.google.com/maps/search/?api=1&query=Cedric+Corre+Patisserie+Townsville,web:cedriccorre.com.au
0,C,Shamrock Hotel Mackay,wedding venue,Mackay,,,https://www.facebook.com/shamrockhotelmackay,,https://www.shamrockmackay.com.au/,0.0,0,,https://www.google.com/maps/search/?api=1&query=Shamrock+Hotel+Mackay+Mackay,web:shamrockmackay.com.au
0,C,Villa Lamor,wedding venue,Mackay,,,https://www.facebook.com/villalamor,,https://www.villalamor.com.au/,0.0,0,,https://www.google.com/maps/search/?api=1&query=Villa+Lamor+Mackay,web:villalamor.com.au
0,C,Darcie the Celebrant,celebrant,Mackay,,https://www.instagram.com/darciethecelebrant_mackay,https://www.facebook.com/profile.php,,https://www.darciethecelebrantmackay.com.au/,0.0,0,,https://www.google.com/maps/search/?api=1&query=Darcie+the+Celebrant+Mackay,web:darciethecelebrantmackay.com.au
0,C,Gina T Hair & Beauty,hair and makeup,Mackay,,https://www.instagram.com/ginathairmackay,https://www.facebook.com/mackayhairdresser,,https://www.ginat.com.au/,0.0,0,,https://www.google.com/maps/search/?api=1&query=Gina+T+Hair+%26+Beauty+Mackay,web:ginat.com.au
0,C,Crusty's Bakery,wedding cakes,Mackay,,,https://www.facebook.com/crustysbakehouse,,https://www.crustysbakery.com.au/,0.0,0,,https://www.google.com/maps/search/?api=1&query=Crusty%27s+Bakery+Mackay,web:crustysbakery.com.au
0,C,Coral Sea Resort,wedding venue,Other QLD,,https://www.instagram.com/coralsearesort,https://www.facebook.com/CoralSeaResortHotel,,https://coralsearesort.com/,0.0,0,,https://www.google.com/maps/search/?api=1&query=Coral+Sea+Resort+Other+QLD,web:coralsearesort.com
0,C,Mirage Whitsundays,wedding venue,Other QLD,,https://www.instagram.com/miragewhitsundaysresort,https://www.facebook.com/miragewhitsundays,,https://miragewhitsundays.com.au/,0.0,0,,https://www.google.com/maps/search/?api=1&query=Mirage+Whitsundays+Other+QLD,web:miragewhitsundays.com.au
0,C,Northerlies Beach Bar and Grill,wedding venue,Other QLD,,https://www.instagram.com/northerliesbeachbarandgrill,https://www.facebook.com/NortherliesBeachBarandGrill,,https://www.northerlies.com.au/,0.0,0,,https://www.google.com/maps/search/?api=1&query=Northerlies+Beach+Bar+and+Grill+Other+QLD,web:northerlies.com.au
0,C,Elementa Whitsundays,wedding venue,Other QLD,,https://www.instagram.com/elementawhitsundays,https://www.facebook.com/elementawhitsundays,,https://www.elementawhitsundays.com/,0.0,0,,https://www.google.com/maps/search/?api=1&query=Elementa+Whitsundays+Other+QLD,web:elementawhitsundays.com
0,C,Divine Weddings Whitsundays,wedding planner or stylist,Other QLD,,https://www.instagram.com/divine_weddings_whitsundays,https://www.facebook.com/divineweddingswhitsundays,,https://www.divineweddingswhitsundays.com.au/,0.0,0,,https://www.google.com/maps/search/?api=1&query=Divine+Weddings+Whitsundays+Other+QLD,web:divineweddingswhitsundays.com.au
0,C,Weddings of the Whitsundays,wedding planner or stylist,Other QLD,,https://www.instagram.com/weddingsofthewhitsundays,,,https://weddingsofthewhitsundays.com/,0.0,0,,https://www.google.com/maps/search/?api=1&query=Weddings+of+the+Whitsundays+Other+QLD,web:weddingsofthewhitsundays.com
0,C,Hair and Makeup by Yvonne,hair and makeup,Other QLD,,https://www.instagram.com/hairandmakeup_byyvonne,https://www.facebook.com/profile.php,,https://www.hairandmakeupbyyvonne.com/,0.0,0,,https://www.google.com/maps/search/?api=1&query=Hair+and+Makeup+by+Yvonne+Other+QLD,web:hairandmakeupbyyvonne.com
0,C,Claire Carter Bridal,hair and makeup,Other QLD,,https://www.instagram.com/clairecarterbridal,https://www.facebook.com/clairecarterbridal,,https://www.clairecarterbridal.com/,0.0,0,,https://www.google.com/maps/search/?api=1&query=Claire+Carter+Bridal+Other+QLD,web:clairecarterbridal.com
0,C,The Salty Lime Co,wedding venue,Rockhampton,,,https://www.facebook.com/Thesaltylimeco,,https://thesaltylimeco.com.au/,0.0,0,,https://www.google.com/maps/search/?api=1&query=The+Salty+Lime+Co+Rockhampton,web:thesaltylimeco.com.au
0,C,Lilly & Lotus,florist,Rockhampton,,https://www.instagram.com/lilly_and_lotus,https://www.facebook.com/lillyandlotus,,https://www.lillyandlotus.com.au/,0.0,0,,https://www.google.com/maps/search/?api=1&query=Lilly+%26+Lotus+Rockhampton,web:lillyandlotus.com.au
0,C,Allenstown Florist,florist,Rockhampton,,https://www.instagram.com/allenstownflorist,,,https://www.allenstownflorist.com.au/,0.0,0,,https://www.google.com/maps/search/?api=1&query=Allenstown+Florist+Rockhampton,web:allenstownflorist.com.au
0,C,CQ Weddings Celebrant,celebrant,Rockhampton,,https://instagram.com/xyz,https://facebook.com/xyz,,https://www.cqweddings.com/,0.0,0,,https://www.google.com/maps/search/?api=1&query=CQ+Weddings+Celebrant+Rockhampton,web:cqweddings.com
0,C,Married by Mitchell,celebrant,Rockhampton,,,https://www.facebook.com/dunlopmobilecatering,,https://marriedbymitchell.com/,0.0,0,,https://www.google.com/maps/search/?api=1&query=Married+by+Mitchell+Rockhampton,web:marriedbymitchell.com
0,C,Makeup by Jacinta,hair and makeup,Rockhampton,,https://www.instagram.com/Makeup.byjacinta,https://www.facebook.com/100523076109372,,https://makeupbyjacinta.com/,0.0,0,,https://www.google.com/maps/search/?api=1&query=Makeup+by+Jacinta+Rockhampton,web:makeupbyjacinta.com
0,C,TMF Cake Designs,wedding cakes,Rockhampton,,https://www.instagram.com/tmfcakedesigns,https://www.facebook.com/tmfcakedesigns,,https://tmfcakedesigns.com/,0.0,0,,https://www.google.com/maps/search/?api=1&query=TMF+Cake+Designs+Rockhampton,web:tmfcakedesigns.com
0,C,In The Grove,wedding venue,Bundaberg,,https://www.instagram.com/inthegroveqld,https://www.facebook.com/inthegrove,,https://www.inthegrove.com.au/,0.0,0,,https://www.google.com/maps/search/?api=1&query=In+The+Grove+Bundaberg,web:inthegrove.com.au
0,C,Penny Lane Gardens,wedding venue,Bundaberg,,,https://www.facebook.com/profile.php,,https://www.pennylanegardens.com.au/,0.0,0,,https://www.google.com/maps/search/?api=1&query=Penny+Lane+Gardens+Bundaberg,web:pennylanegardens.com.au
0,C,Bundaberg House of Flowers,florist,Bundaberg,,https://www.instagram.com/houseofflowersbundaberg,https://www.facebook.com/profile.php,,https://www.bundaberghouseofflowers.com.au/,0.0,0,,https://www.google.com/maps/search/?api=1&query=Bundaberg+House+of+Flowers+Bundaberg,web:bundaberghouseofflowers.com.au
0,C,Emma Jansen Marriage Celebrant,celebrant,Bundaberg,,,http://www.facebook.com/250857249108819,,https://www.emmajansenmc.com.au/,0.0,0,,https://www.google.com/maps/search/?api=1&query=Emma+Jansen+Marriage+Celebrant+Bundaberg,web:emmajansenmc.com.au
0,C,Love Wins with Lins,celebrant,Bundaberg,,https://www.instagram.com/lovewinswithlinscelebrant,https://www.facebook.com/profile.php,,https://www.lovewinswithlins.com/,0.0,0,,https://www.google.com/maps/search/?api=1&query=Love+Wins+with+Lins+Bundaberg,web:lovewinswithlins.com
0,C,Aquavue,wedding venue,Hervey Bay,,https://www.instagram.com/aquavuehb,https://www.facebook.com/aquavuehb,,https://www.aquavue.com.au/,0.0,0,,https://www.google.com/maps/search/?api=1&query=Aquavue+Hervey+Bay,web:aquavue.com.au
0,C,Purnella Park Coachhouse,wedding venue,Hervey Bay,,https://www.instagram.com/purnella_park_coachhouse,https://www.facebook.com/purnellaparkcoachhouse,,https://www.purnellaparkcoachhouse.com.au/,0.0,0,,https://www.google.com/maps/search/?api=1&query=Purnella+Park+Coachhouse+Hervey+Bay,web:purnellaparkcoachhouse.com.au
0,C,Kondari Hotel,wedding venue,Hervey Bay,,https://www.instagram.com/kondariresort,https://www.facebook.com/kondarihotel.bay,,https://www.kondari.com.au/,0.0,0,,https://www.google.com/maps/search/?api=1&query=Kondari+Hotel+Hervey+Bay,web:kondari.com.au
0,C,Now & Forever Weddings & Events,wedding planner or stylist,Hervey Bay,,https://instagram.com/nowandforeverweddings,http://www.facebook.com/nfweddings,,https://www.nfweddings.com.au/,0.0,0,,https://www.google.com/maps/search/?api=1&query=Now+%26+Forever+Weddings+%26+Events+Hervey+Bay,web:nfweddings.com.au
0,C,Bay Flowers and Gifts,florist,Hervey Bay,,https://www.instagram.com/bayflowersandgifts,,,https://bayflowersandgifts.com/,0.0,0,,https://www.google.com/maps/search/?api=1&query=Bay+Flowers+and+Gifts+Hervey+Bay,web:bayflowersandgifts.com
0,C,Occasions by Carolyn Celebrant,celebrant,Other QLD,,https://www.instagram.com/celebrant_carolyn,https://www.facebook.com/celebrantcarolyn,,https://www.occasionsbycarolyncelebrant.com.au/,0.0,0,,https://www.google.com/maps/search/?api=1&query=Occasions+by+Carolyn+Celebrant+Other+QLD,web:occasionsbycarolyncelebrant.com.au
0,C,Sharron Ridgway Celebrant,celebrant,Other QLD,,https://www.instagram.com/ridgwaysharron,https://www.facebook.com/profile.php,,https://www.gladstonecelebrant.com.au/,0.0,0,,https://www.google.com/maps/search/?api=1&query=Sharron+Ridgway+Celebrant+Other+QLD,web:gladstonecelebrant.com.au
0,C,Gladstone Beauty Clinic,hair and makeup,Other QLD,,https://www.instagram.com/gladstonebeautyclinic,https://www.facebook.com/gladstonebeautyclinic,,https://www.gladstonebeautyclinic.com.au/,0.0,0,,https://www.google.com/maps/search/?api=1&query=Gladstone+Beauty+Clinic+Other+QLD,web:gladstonebeautyclinic.com.au
